id,name,genres,overview
1,The Shawshank Redemption,Drama,"Two imprisoned men bond over a number of years, finding solace and eventual redemption through acts of common decency."
2,The Godfather,"Crime, Drama",An organized crime dynasty's aging patriarch transfers control of his clandestine empire to his reluctant son.
3,The Dark Knight,"Action, Crime, Drama","When the menace known as the Joker wreaks havoc and chaos on the people of Gotham, Batman must accept one of the greatest psychological and physical tests of his ability to fight injustice."
4,The Godfather: Part II,"Crime, Drama","The early life and career of Vito Corleone in 1920s New York City is portrayed, while his son, Michael, expands and tightens his grip on the family crime syndicate."
5,12 Angry Men,"Crime, Drama",A jury holdout attempts to prevent a miscarriage of justice by forcing his colleagues to reconsider the evidence.
6,The Lord of the Rings: The Return of the King,"Action, Adventure, Drama",Gandalf and Aragorn lead the World of Men against Sauron's army to draw his gaze from Frodo and Sam as they approach Mount Doom with the One Ring.
7,Pulp Fiction,"Crime, Drama","The lives of two mob hitmen, a boxer, a gangster and his wife, and a pair of diner bandits intertwine in four tales of violence and redemption."
8,Schindler's List,"Biography, Drama, History","In German-occupied Poland during World War II, industrialist Oskar Schindler gradually becomes concerned for his Jewish workforce after witnessing their persecution by the Nazis."
9,Inception,"Action, Adventure, Sci-Fi",A thief who steals corporate secrets through the use of dream-sharing technology is given the inverse task of planting an idea into the mind of a C.E.O.
10,Fight Club,Drama,"An insomniac office worker and a devil-may-care soapmaker form an underground fight club that evolves into something much, much more."
11,The Lord of the Rings: The Fellowship of the Ring,"Action, Adventure, Drama",A meek Hobbit from the Shire and eight companions set out on a journey to destroy the powerful One Ring and save Middle-earth from the Dark Lord Sauron.
12,Forrest Gump,"Drama, Romance","The presidencies of Kennedy and Johnson, the events of Vietnam, Watergate and other historical events unfold through the perspective of an Alabama man with an IQ of 75, whose only desire is to be reunited with his childhood sweetheart."
13,"Il buono, il brutto, il cattivo",Western,A bounty hunting scam joins two men in an uneasy alliance against a third in a race to find a fortune in gold buried in a remote cemetery.
14,The Lord of the Rings: The Two Towers,"Action, Adventure, Drama","While Frodo and Sam edge closer to Mordor with the help of the shifty Gollum, the divided fellowship makes a stand against Sauron's new ally, Saruman, and his hordes of Isengard."
15,The Matrix,"Action, Sci-Fi","When a beautiful stranger leads computer hacker Neo to a forbidding underworld, he discovers the shocking truth--the life he knows is the elaborate deception of an evil cyber-intelligence."
16,Goodfellas,"Biography, Crime, Drama","The story of Henry Hill and his life in the mob, covering his relationship with his wife Karen Hill and his mob partners Jimmy Conway and Tommy DeVito in the Italian-American crime syndicate."
17,Star Wars: Episode V - The Empire Strikes Back,"Action, Adventure, Fantasy","After the Rebels are brutally overpowered by the Empire on the ice planet Hoth, Luke Skywalker begins Jedi training with Yoda, while his friends are pursued by Darth Vader and a bounty hunter named Boba Fett all over the galaxy."
18,One Flew Over the Cuckoo's Nest,Drama,"A criminal pleads insanity and is admitted to a mental institution, where he rebels against the oppressive nurse and rallies up the scared patients."
19,Hamilton,"Biography, Drama, History","The real life of one of America's foremost founding fathers and first Secretary of the Treasury, Alexander Hamilton. Captured live on Broadway from the Richard Rodgers Theater with the original Broadway cast."
20,Gisaengchung,"Comedy, Drama, Thriller",Greed and class discrimination threaten the newly formed symbiotic relationship between the wealthy Park family and the destitute Kim clan.
21,Soorarai Pottru,Drama,"Nedumaaran Rajangam ""Maara"" sets out to make the common man fly and in the process takes on the world's most capital intensive industry and several enemies who stand in his way."
22,Interstellar,"Adventure, Drama, Sci-Fi",A team of explorers travel through a wormhole in space in an attempt to ensure humanity's survival.
23,Cidade de Deus,"Crime, Drama","In the slums of Rio, two kids' paths diverge as one struggles to become a photographer and the other a kingpin."
24,Sen to Chihiro no kamikakushi,"Animation, Adventure, Family","During her family's move to the suburbs, a sullen 10-year-old girl wanders into a world ruled by gods, witches, and spirits, and where humans are changed into beasts."
25,Saving Private Ryan,"Drama, War","Following the Normandy Landings, a group of U.S. soldiers go behind enemy lines to retrieve a paratrooper whose brothers have been killed in action."
26,The Green Mile,"Crime, Drama, Fantasy","The lives of guards on Death Row are affected by one of their charges: a black man accused of child murder and rape, yet who has a mysterious gift."
27,La vita è bella,"Comedy, Drama, Romance","When an open-minded Jewish librarian and his son become victims of the Holocaust, he uses a perfect mixture of will, humor, and imagination to protect his son from the dangers around their camp."
28,Se7en,"Crime, Drama, Mystery","Two detectives, a rookie and a veteran, hunt a serial killer who uses the seven deadly sins as his motives."
29,The Silence of the Lambs,"Crime, Drama, Thriller","A young F.B.I. cadet must receive the help of an incarcerated and manipulative cannibal killer to help catch another serial killer, a madman who skins his victims."
30,Star Wars,"Action, Adventure, Fantasy","Luke Skywalker joins forces with a Jedi Knight, a cocky pilot, a Wookiee and two droids to save the galaxy from the Empire's world-destroying battle station, while also attempting to rescue Princess Leia from the mysterious Darth Vader."
31,Seppuku,"Action, Drama, Mystery","When a ronin requesting seppuku at a feudal lord's palace is told of the brutal suicide of another ronin who previously visited, he reveals how their pasts are intertwined - and in doing so challenges the clan's integrity."
32,Shichinin no samurai,"Action, Adventure, Drama",A poor village under attack by bandits recruits seven unemployed samurai to help them defend themselves.
33,It's a Wonderful Life,"Drama, Family, Fantasy",An angel is sent from Heaven to help a desperately frustrated businessman by showing him what life would have been like if he had never existed.
34,Joker,"Crime, Drama, Thriller","In Gotham City, mentally troubled comedian Arthur Fleck is disregarded and mistreated by society. He then embarks on a downward spiral of revolution and bloody crime. This path brings him face-to-face with his alter-ego: the Joker."
35,Whiplash,"Drama, Music",A promising young drummer enrolls at a cut-throat music conservatory where his dreams of greatness are mentored by an instructor who will stop at nothing to realize a student's potential.
36,The Intouchables,"Biography, Comedy, Drama","After he becomes a quadriplegic from a paragliding accident, an aristocrat hires a young man from the projects to be his caregiver."
37,The Prestige,"Drama, Mystery, Sci-Fi","After a tragic accident, two stage magicians engage in a battle to create the ultimate illusion while sacrificing everything they have to outwit each other."
38,The Departed,"Crime, Drama, Thriller",An undercover cop and a mole in the police attempt to identify each other while infiltrating an Irish gang in South Boston.
39,The Pianist,"Biography, Drama, Music",A Polish Jewish musician struggles to survive the destruction of the Warsaw ghetto of World War II.
40,Gladiator,"Action, Adventure, Drama",A former Roman General sets out to exact vengeance against the corrupt emperor who murdered his family and sent him into slavery.
41,American History X,Drama,A former neo-nazi skinhead tries to prevent his younger brother from going down the same wrong path that he did.
42,The Usual Suspects,"Crime, Mystery, Thriller","A sole survivor tells of the twisty events leading up to a horrific gun battle on a boat, which began when five criminals met at a seemingly random police lineup."
43,Léon,"Action, Crime, Drama","Mathilda, a 12-year-old girl, is reluctantly taken in by Léon, a professional assassin, after her family is murdered. An unusual relationship forms as she becomes his protégée and learns the assassin's trade."
44,The Lion King,"Animation, Adventure, Drama","Lion prince Simba and his father are targeted by his bitter uncle, who wants to ascend the throne himself."
45,Terminator 2: Judgment Day,"Action, Sci-Fi","A cyborg, identical to the one who failed to kill Sarah Connor, must now protect her teenage son, John Connor, from a more advanced and powerful cyborg."
46,Nuovo Cinema Paradiso,"Drama, Romance",A filmmaker recalls his childhood when falling in love with the pictures at the cinema of his home village and forms a deep friendship with the cinema's projectionist.
47,Hotaru no haka,"Animation, Drama, War",A young boy and his little sister struggle to survive in Japan during World War II.
48,Back to the Future,"Adventure, Comedy, Sci-Fi","Marty McFly, a 17-year-old high school student, is accidentally sent thirty years into the past in a time-traveling DeLorean invented by his close friend, the eccentric scientist Doc Brown."
49,Once Upon a Time in the West,Western,A mysterious stranger with a harmonica joins forces with a notorious desperado to protect a beautiful widow from a ruthless assassin working for the railroad.
50,Psycho,"Horror, Mystery, Thriller","A Phoenix secretary embezzles $40,000 from her employer's client, goes on the run, and checks into a remote motel run by a young man under the domination of his mother."
51,Casablanca,"Drama, Romance, War",A cynical expatriate American cafe owner struggles to decide whether or not to help his former lover and her fugitive husband escape the Nazis in French Morocco.
52,Modern Times,"Comedy, Drama, Family",The Tramp struggles to live in modern industrial society with the help of a young homeless woman.
53,City Lights,"Comedy, Drama, Romance","With the aid of a wealthy erratic tippler, a dewy-eyed tramp who has fallen in love with a sightless flower girl accumulates money to be able to help her medically."
54,Capharnaüm,Drama,"While serving a five-year sentence for a violent crime, a 12-year-old boy sues his parents for neglect."
55,Ayla: The Daughter of War,"Biography, Drama, History","In 1950, amid-st the ravages of the Korean War, Sergeant Süleyman stumbles upon a half-frozen little girl, with no parents and no help in sight. Frantic, scared and on the verge of death, ...                See full summary »"
56,Vikram Vedha,"Action, Crime, Drama","Vikram, a no-nonsense police officer, accompanied by Simon, his partner, is on the hunt to capture Vedha, a smuggler and a murderer. Vedha tries to change Vikram's life, which leads to a conflict."
57,Kimi no na wa.,"Animation, Drama, Fantasy","Two strangers find themselves linked in a bizarre way. When a connection forms, will distance be the only thing to keep them apart?"
58,Dangal,"Action, Biography, Drama",Former wrestler Mahavir Singh Phogat and his two wrestler daughters struggle towards glory at the Commonwealth Games in the face of societal oppression.
59,Spider-Man: Into the Spider-Verse,"Animation, Action, Adventure","Teen Miles Morales becomes the Spider-Man of his universe, and must join with five spider-powered individuals from other dimensions to stop a threat for all realities."
60,Avengers: Endgame,"Action, Adventure, Drama","After the devastating events of Avengers: Infinity War (2018), the universe is in ruins. With the help of remaining allies, the Avengers assemble once more in order to reverse Thanos' actions and restore balance to the universe."
61,Avengers: Infinity War,"Action, Adventure, Sci-Fi",The Avengers and their allies must be willing to sacrifice all in an attempt to defeat the powerful Thanos before his blitz of devastation and ruin puts an end to the universe.
62,Coco,"Animation, Adventure, Family","Aspiring musician Miguel, confronted with his family's ancestral ban on music, enters the Land of the Dead to find his great-great-grandfather, a legendary singer."
63,Django Unchained,"Drama, Western","With the help of a German bounty hunter, a freed slave sets out to rescue his wife from a brutal Mississippi plantation owner."
64,The Dark Knight Rises,"Action, Adventure","Eight years after the Joker's reign of anarchy, Batman, with the help of the enigmatic Catwoman, is forced from his exile to save Gotham City from the brutal guerrilla terrorist Bane."
65,3 Idiots,"Comedy, Drama","Two friends are searching for their long lost companion. They revisit their college days and recall the memories of their friend who inspired them to think differently, even as the rest of the world called them ""idiots""."
66,Taare Zameen Par,"Drama, Family","An eight-year-old boy is thought to be a lazy trouble-maker, until the new art teacher has the patience and compassion to discover the real problem behind his struggles in school."
67,WALL·E,"Animation, Adventure, Family","In the distant future, a small waste-collecting robot inadvertently embarks on a space journey that will ultimately decide the fate of mankind."
68,The Lives of Others,"Drama, Mystery, Thriller","In 1984 East Berlin, an agent of the secret police, conducting surveillance on a writer and his lover, finds himself becoming increasingly absorbed by their lives."
69,Oldeuboi,"Action, Drama, Mystery","After being kidnapped and imprisoned for fifteen years, Oh Dae-Su is released, only to find that he must find his captor in five days."
70,Memento,"Mystery, Thriller",A man with short-term memory loss attempts to track down his wife's murderer.
71,Mononoke-hime,"Animation, Action, Adventure","On a journey to find the cure for a Tatarigami's curse, Ashitaka finds himself in the middle of a war between the forest gods and Tatara, a mining colony. In this quest he also meets San, the Mononoke Hime."
72,Once Upon a Time in America,"Crime, Drama","A former Prohibition-era Jewish gangster returns to the Lower East Side of Manhattan over thirty years later, where he once again must confront the ghosts and regrets of his old life."
73,Raiders of the Lost Ark,"Action, Adventure","In 1936, archaeologist and adventurer Indiana Jones is hired by the U.S. government to find the Ark of the Covenant before Adolf Hitler's Nazis can obtain its awesome powers."
74,The Shining,"Drama, Horror","A family heads to an isolated hotel for the winter where a sinister presence influences the father into violence, while his psychic son sees horrific forebodings from both past and future."
75,Apocalypse Now,"Drama, Mystery, War",A U.S. Army officer serving in Vietnam is tasked with assassinating a renegade Special Forces Colonel who sees himself as a god.
76,Alien,"Horror, Sci-Fi","After a space merchant vessel receives an unknown transmission as a distress call, one of the crew is attacked by a mysterious life form and they soon realize that its life cycle has merely begun."
77,Anand,"Drama, Musical","The story of a terminally ill man who wishes to live life to the fullest before the inevitable occurs, as told by his best friend."
78,Tengoku to jigoku,"Crime, Drama, Mystery",An executive of a shoe company becomes a victim of extortion when his chauffeur's son is kidnapped and held for ransom.
79,Dr. Strangelove or: How I Learned to Stop Worrying and Love the Bomb,Comedy,An insane general triggers a path to nuclear holocaust that a War Room full of politicians and generals frantically tries to stop.
80,Witness for the Prosecution,"Crime, Drama, Mystery",A veteran British barrister must defend his client in a murder trial that has surprise after surprise.
81,Paths of Glory,"Drama, War","After refusing to attack an enemy position, a general accuses the soldiers of cowardice and their commanding officer must defend them."
82,Rear Window,"Mystery, Thriller",A wheelchair-bound photographer spies on his neighbors from his apartment window and becomes convinced one of them has committed murder.
83,Sunset Blvd.,"Drama, Film-Noir",A screenwriter develops a dangerous relationship with a faded film star determined to make a triumphant return.
84,The Great Dictator,"Comedy, Drama, War",Dictator Adenoid Hynkel tries to expand his empire while a poor Jewish barber tries to avoid persecution from Hynkel's regime.
85,1917,"Drama, Thriller, War","April 6th, 1917. As a regiment assembles to wage war deep in enemy territory, two soldiers are assigned to race against time and deliver a message that will stop 1,600 men from walking straight into a deadly trap."
86,Tumbbad,"Drama, Fantasy, Horror",A mythological story about a goddess who created the entire universe. The plot revolves around the consequences when humans build a temple for her first-born.
87,Andhadhun,"Crime, Drama, Music","A series of mysterious events change the life of a blind pianist, who must now report a crime that he should technically know nothing of."
88,Drishyam,"Crime, Drama, Thriller",A man goes to extreme lengths to save his family from punishment after the family commits an accidental crime.
89,Jagten,Drama,"A teacher lives a lonely life, all the while struggling over his son's custody. His life slowly gets better as he finds love and receives good news from his son, but his new luck is about to be brutally shattered by an innocent little lie."
90,Jodaeiye Nader az Simin,Drama,A married couple are faced with a difficult decision - to improve the life of their child by moving to another country or to stay in Iran and look after a deteriorating parent who has Alzheimer's disease.
91,Incendies,"Drama, Mystery, War",Twins journey to the Middle East to discover their family history and fulfill their mother's last wishes.
92,Miracle in cell NO.7,Drama,A story of love between a mentally-ill father who was wrongly accused of murder and his lovely six years old daughter. The prison would be their home. Based on the 2013 Korean movie 7-beon-bang-ui seon-mul (2013).
93,Babam ve Oglum,"Drama, Family",The family of a left-wing journalist is torn apart after the military coup of Turkey in 1980.
94,Inglourious Basterds,"Adventure, Drama, War","In Nazi-occupied France during World War II, a plan to assassinate Nazi leaders by a group of Jewish U.S. soldiers coincides with a theatre owner's vengeful plans for the same."
95,Eternal Sunshine of the Spotless Mind,"Drama, Romance, Sci-Fi","When their relationship turns sour, a couple undergoes a medical procedure to have each other erased from their memories."
96,Amélie,"Comedy, Romance","Amélie is an innocent and naive girl in Paris with her own sense of justice. She decides to help those around her and, along the way, discovers love."
97,Snatch,"Comedy, Crime","Unscrupulous boxing promoters, violent bookmakers, a Russian gangster, incompetent amateur robbers and supposedly Jewish jewelers fight to track down a priceless stolen diamond."
98,Requiem for a Dream,Drama,The drug-induced utopias of four Coney Island people are shattered when their addictions run deep.
99,American Beauty,Drama,A sexually frustrated suburban father has a mid-life crisis after becoming infatuated with his daughter's best friend.
100,Good Will Hunting,"Drama, Romance","Will Hunting, a janitor at M.I.T., has a gift for mathematics, but needs help from a psychologist to find direction in his life."
101,Bacheha-Ye aseman,"Drama, Family, Sport","After a boy loses his sister's pair of shoes, he goes on a series of adventures in order to find them. When he can't, he tries a new way to ""win"" a new pair."
102,Toy Story,"Animation, Adventure, Comedy",A cowboy doll is profoundly threatened and jealous when a new spaceman figure supplants him as top toy in a boy's room.
103,Braveheart,"Biography, Drama, History",Scottish warrior William Wallace leads his countrymen in a rebellion to free his homeland from the tyranny of King Edward I of England.
104,Reservoir Dogs,"Crime, Drama, Thriller","When a simple jewelry heist goes horribly wrong, the surviving criminals begin to suspect that one of them is a police informant."
105,Full Metal Jacket,"Drama, War",A pragmatic U.S. Marine observes the dehumanizing effects the Vietnam War has on his fellow recruits from their brutal boot camp training to the bloody street fighting in Hue.
106,Idi i smotri,"Drama, Thriller, War","After finding an old rifle, a young boy joins the Soviet resistance movement against ruthless German forces and experiences the horrors of World War II."
107,Aliens,"Action, Adventure, Sci-Fi","Fifty-seven years after surviving an apocalyptic attack aboard her space vessel by merciless space creatures, Officer Ripley awakens from hyper-sleep and tries to warn anyone who will listen about the predators."
108,Amadeus,"Biography, Drama, History","The life, success and troubles of Wolfgang Amadeus Mozart, as told by Antonio Salieri, the contemporaneous composer who was insanely jealous of Mozart's talent and claimed to have murdered him."
109,Scarface,"Crime, Drama","In 1980 Miami, a determined Cuban immigrant takes over a drug cartel and succumbs to greed."
110,Star Wars: Episode VI - Return of the Jedi,"Action, Adventure, Fantasy","After a daring mission to rescue Han Solo from Jabba the Hutt, the Rebels dispatch to Endor to destroy the second Death Star. Meanwhile, Luke struggles to help Darth Vader back from the dark side without falling into the Emperor's trap."
111,Das Boot,"Adventure, Drama, Thriller","The claustrophobic world of a WWII German U-boat; boredom, filth and sheer terror."
112,Taxi Driver,"Crime, Drama","A mentally unstable veteran works as a nighttime taxi driver in New York City, where the perceived decadence and sleaze fuels his urge for violent action by attempting to liberate a presidential campaign worker and an underage prostitute."
113,The Sting,"Comedy, Crime, Drama",Two grifters team up to pull off the ultimate con.
114,A Clockwork Orange,"Crime, Drama, Sci-Fi","In the future, a sadistic gang leader is imprisoned and volunteers for a conduct-aversion experiment, but it doesn't go as planned."
115,2001: A Space Odyssey,"Adventure, Sci-Fi","After discovering a mysterious artifact buried beneath the Lunar surface, mankind sets off on a quest to find its origins with help from intelligent supercomputer H.A.L. 9000."
116,Per qualche dollaro in più,Western,Two bounty hunters with the same intentions team up to track down a Western outlaw.
117,Lawrence of Arabia,"Adventure, Biography, Drama","The story of T.E. Lawrence, the English officer who successfully united and led the diverse, often warring, Arab tribes during World War I in order to fight the Turks."
118,The Apartment,"Comedy, Drama, Romance","A man tries to rise in his company by letting its executives use his apartment for trysts, but complications and a romance of his own ensue."
119,North by Northwest,"Adventure, Mystery, Thriller",A New York City advertising executive goes on the run after being mistaken for a government agent by a group of foreign spies.
120,Vertigo,"Mystery, Romance, Thriller",A former police detective juggles wrestling with his personal demons and becoming obsessed with a hauntingly beautiful woman.
121,Singin' in the Rain,"Comedy, Musical, Romance",A silent film production company and cast make a difficult transition to sound.
122,Ikiru,Drama,A bureaucrat tries to find a meaning in his life after he discovers he has terminal cancer.
123,Ladri di biciclette,Drama,"In post-war Italy, a working-class man's bicycle is stolen. He and his son set out to find it."
124,Double Indemnity,"Crime, Drama, Film-Noir",An insurance representative lets himself be talked by a seductive housewife into a murder/insurance fraud scheme that arouses the suspicion of an insurance investigator.
125,Citizen Kane,"Drama, Mystery","Following the death of publishing tycoon Charles Foster Kane, reporters scramble to uncover the meaning of his final utterance; 'Rosebud'."
126,M - Eine Stadt sucht einen Mörder,"Crime, Mystery, Thriller","When the police in a German city are unable to catch a child-murderer, other criminals join in the manhunt."
127,Metropolis,"Drama, Sci-Fi","In a futuristic city sharply divided between the working class and the city planners, the son of the city's mastermind falls in love with a working-class prophet who predicts the coming of a savior to mediate their differences."
128,The Kid,"Comedy, Drama, Family","The Tramp cares for an abandoned child, but events put that relationship in jeopardy."
129,Chhichhore,"Comedy, Drama","A tragic incident forces Anirudh, a middle-aged man, to take a trip down memory lane and reminisce his college days along with his friends, who were labelled as losers."
130,Uri: The Surgical Strike,"Action, Drama, War","Indian army special forces execute a covert operation, avenging the killing of fellow army men at their base by a terrorist group."
131,K.G.F: Chapter 1,"Action, Drama","In the 1970s, a fierce rebel rises against brutal oppression and becomes the symbol of hope to legions of downtrodden people."
132,Green Book,"Biography, Comedy, Drama",A working-class Italian-American bouncer becomes the driver of an African-American classical pianist on a tour of venues through the 1960s American South.
133,"Three Billboards Outside Ebbing, Missouri","Comedy, Crime, Drama",A mother personally challenges the local authorities to solve her daughter's murder when they fail to catch the culprit.
134,Talvar,"Crime, Drama, Mystery",An experienced investigator confronts several conflicting theories about the perpetrators of a violent double homicide.
135,Baahubali 2: The Conclusion,"Action, Drama","When Shiva, the son of Bahubali, learns about his heritage, he begins to look for answers. His story is juxtaposed with past events that unfolded in the Mahishmati Kingdom."
136,Klaus,"Animation, Adventure, Comedy","A simple act of kindness always sparks another, even in a frozen, faraway place. When Smeerensburg's new postman, Jesper, befriends toymaker Klaus, their gifts melt an age-old feud and deliver a sleigh full of holiday traditions."
137,Drishyam,"Crime, Drama, Mystery","Desperate measures are taken by a man who tries to save his family from the dark side of the law, after they commit an unexpected crime."
138,Queen,"Adventure, Comedy, Drama",A Delhi girl from a traditional family sets out on a solo honeymoon after her marriage gets cancelled.
139,Mandariinid,"Drama, War","In 1992, war rages in Abkhazia, a breakaway region of Georgia. An Estonian man Ivo has decided to stay behind and harvest his crops of tangerines. In a bloody conflict at his door, a wounded man is left behind, and Ivo takes him in."
140,Bhaag Milkha Bhaag,"Biography, Drama, Sport",The truth behind the ascension of Milkha Singh who was scarred because of the India-Pakistan partition.
141,Gangs of Wasseypur,"Action, Comedy, Crime","A clash between Sultan and Shahid Khan leads to the expulsion of Khan from Wasseypur, and ignites a deadly blood feud spanning three generations."
142,Udaan,Drama,"Expelled from his school, a 16-year old boy returns home to his abusive and oppressive father."
143,Paan Singh Tomar,"Action, Biography, Crime","The story of Paan Singh Tomar, an Indian athlete and seven-time national steeplechase champion who becomes one of the most feared dacoits in Chambal Valley after his retirement."
144,El secreto de sus ojos,"Drama, Mystery, Romance",A retired legal counselor writes a novel hoping to find closure for one of his past unresolved homicide cases and for his unreciprocated love with his superior - both of which still haunt him decades later.
145,Warrior,"Action, Drama, Sport","The youngest son of an alcoholic former boxer returns home, where he's trained by his father for competition in a mixed martial arts tournament - a path that puts the fighter on a collision course with his estranged, older brother."
146,Shutter Island,"Mystery, Thriller","In 1954, a U.S. Marshal investigates the disappearance of a murderer who escaped from a hospital for the criminally insane."
147,Up,"Animation, Adventure, Comedy","78-year-old Carl Fredricksen travels to Paradise Falls in his house equipped with balloons, inadvertently taking a young stowaway."
148,The Wolf of Wall Street,"Biography, Crime, Drama","Based on the true story of Jordan Belfort, from his rise to a wealthy stock-broker living the high life to his fall involving crime, corruption and the federal government."
149,Chak De! India,"Drama, Family, Sport",Kabir Khan is the coach of the Indian Women's National Hockey Team and his dream is to make his all girls team emerge victorious against all odds.
150,There Will Be Blood,Drama,"A story of family, religion, hatred, oil and madness, focusing on a turn-of-the-century prospector in the early days of the business."
151,Pan's Labyrinth,"Drama, Fantasy, War","In the Falangist Spain of 1944, the bookish young stepdaughter of a sadistic army officer escapes into an eerie but captivating fantasy world."
152,Toy Story 3,"Animation, Adventure, Comedy","The toys are mistakenly delivered to a day-care center instead of the attic right before Andy leaves for college, and it's up to Woody to convince the other toys that they weren't abandoned and to return home."
153,V for Vendetta,"Action, Drama, Sci-Fi","In a future British tyranny, a shadowy freedom fighter, known only by the alias of ""V"", plots to overthrow it with the help of a young woman."
154,Rang De Basanti,"Comedy, Crime, Drama","The story of six young Indians who assist an English woman to film a documentary on the freedom fighters from their past, and the events that lead them to relive the long-forgotten saga of freedom."
155,Black,Drama,"The cathartic tale of a young woman who can't see, hear or talk and the teacher who brings a ray of light into her dark world."
156,Batman Begins,"Action, Adventure","After training with his mentor, Batman begins his fight to free crime-ridden Gotham City from corruption."
157,"Swades: We, the People",Drama,A successful Indian scientist returns to an Indian village to take his nanny to America with him and in the process rediscovers his roots.
158,Der Untergang,"Biography, Drama, History","Traudl Junge, the final secretary for Adolf Hitler, tells of the Nazi dictator's final days in his Berlin bunker at the end of WWII."
159,Hauru no ugoku shiro,"Animation, Adventure, Family","When an unconfident young woman is cursed with an old body by a spiteful witch, her only chance of breaking the spell lies with a self-indulgent yet insecure young wizard and his companions in his legged, walking castle."
160,A Beautiful Mind,"Biography, Drama","After John Nash, a brilliant but asocial mathematician, accepts secret work in cryptography, his life takes a turn for the nightmarish."
161,Hera Pheri,"Action, Comedy, Crime","Three unemployed men look for answers to all their money problems - but when their opportunity arrives, will they know what to do with it?"
162,"Lock, Stock and Two Smoking Barrels","Action, Comedy, Crime","A botched card game in London triggers four friends, thugs, weed-growers, hard gangsters, loan sharks and debt collectors to collide with each other in a series of unexpected events, all for the sake of weed, cash and two antique shotguns."
163,L.A. Confidential,"Crime, Drama, Mystery","As corruption grows in 1950s Los Angeles, three policemen - one strait-laced, one brutal, and one sleazy - investigate a series of murders with their own brand of justice."
164,Eskiya,"Crime, Drama, Thriller","Baran the Bandit, released from prison after 35 years, searches for vengeance and his lover."
165,Heat,"Crime, Drama, Thriller",A group of professional bank robbers start to feel the heat from police when they unknowingly leave a clue at their latest heist.
166,Casino,"Crime, Drama","A tale of greed, deception, money, power, and murder occur between two best friends: a mafia enforcer and a casino executive compete against each other over a gambling empire, and over a fast-living and fast-loving socialite."
167,Andaz Apna Apna,"Action, Comedy, Romance",Two slackers competing for the affections of an heiress inadvertently become her protectors from an evil criminal.
168,Unforgiven,"Drama, Western","Retired Old West gunslinger William Munny reluctantly takes on one last job, with the help of his old partner Ned Logan and a young man, The ""Schofield Kid."""
169,Indiana Jones and the Last Crusade,"Action, Adventure","In 1938, after his father Professor Henry Jones, Sr. goes missing while pursuing the Holy Grail, Professor Henry ""Indiana"" Jones, Jr. finds himself up against Adolf Hitler's Nazis again to stop them from obtaining its powers."
170,Dom za vesanje,"Comedy, Crime, Drama","In this luminous tale set in the area around Sarajevo and in Italy, Perhan, an engaging young Romany (gypsy) with telekinetic powers, is seduced by the quick-cash world of petty crime, which threatens to destroy him and those he loves."
171,Tonari no Totoro,"Animation, Family, Fantasy","When two girls move to the country to be near their ailing mother, they have adventures with the wondrous forest spirits who live nearby."
172,Die Hard,"Action, Thriller",An NYPD officer tries to save his wife and several others taken hostage by German terrorists during a Christmas party at the Nakatomi Plaza in Los Angeles.
173,Ran,"Action, Drama, War","In Medieval Japan, an elderly warlord retires, handing over his empire to his three sons. However, he vastly underestimates how the new-found power will corrupt them and cause them to turn on each other...and him."
174,Raging Bull,"Biography, Drama, Sport","The life of boxer Jake LaMotta, whose violence and temper that led him to the top in the ring destroyed his life outside of it."
175,Stalker,"Drama, Sci-Fi",A guide leads two men through an area known as the Zone to find a room that grants wishes.
176,Höstsonaten,"Drama, Music","A married daughter who longs for her mother's love is visited by the latter, a successful concert pianist."
177,The Message,"Biography, Drama, History",This epic historical drama chronicles the life and times of Prophet Muhammad and serves as an introduction to early Islamic history.
178,Sholay,"Action, Adventure, Comedy","After his family is murdered by a notorious and ruthless bandit, a former police officer enlists the services of two outlaws to capture the bandit."
179,Monty Python and the Holy Grail,"Adventure, Comedy, Fantasy","King Arthur and his Knights of the Round Table embark on a surreal, low-budget search for the Holy Grail, encountering many, very silly obstacles."
180,The Great Escape,"Adventure, Drama, History",Allied prisoners of war plan for several hundred of their number to escape from a German camp during World War II.
181,To Kill a Mockingbird,"Crime, Drama","Atticus Finch, a lawyer in the Depression-era South, defends a black man against an undeserved rape charge, and his children against prejudice."
182,Yôjinbô,"Action, Drama, Thriller",A crafty ronin comes to a town divided by two criminal gangs and decides to play them against each other to free the town.
183,Judgment at Nuremberg,"Drama, War","In 1948, an American court in occupied Germany tries four Nazis judged for war crimes."
184,Some Like It Hot,"Comedy, Music, Romance","After two male musicians witness a mob hit, they flee the state in an all-female band disguised as women, but further complications set in."
185,Smultronstället,"Drama, Romance","After living a life marked by coldness, an aging professor is forced to confront the emptiness of his existence."
186,Det sjunde inseglet,"Drama, Fantasy, History","A man seeks answers about life, death, and the existence of God as he plays chess against the Grim Reaper during the Black Plague."
187,Du rififi chez les hommes,"Crime, Drama, Thriller","Four men plan a technically perfect crime, but the human element intervenes..."
188,Dial M for Murder,"Crime, Thriller",A former tennis player tries to arrange his wife's murder after learning of her affair.
189,Tôkyô monogatari,Drama,"An old couple visit their children and grandchildren in the city, but receive little attention."
190,Rashômon,"Crime, Drama, Mystery","The rape of a bride and the murder of her samurai husband are recalled from the perspectives of a bandit, the bride, the samurai's ghost and a woodcutter."
191,All About Eve,Drama,A seemingly timid but secretly ruthless ingénue insinuates herself into the lives of an aging Broadway star and her circle of theater friends.
192,The Treasure of the Sierra Madre,"Adventure, Drama, Western",Two Americans searching for work in Mexico convince an old prospector to help them mine for gold in the Sierra Madre Mountains.
193,To Be or Not to Be,"Comedy, War","During the Nazi occupation of Poland, an acting troupe becomes embroiled in a Polish soldier's efforts to track down a German spy."
194,The Gold Rush,"Adventure, Comedy, Drama",A prospector goes to the Klondike in search of gold and finds it and more.
195,Sherlock Jr.,"Action, Comedy, Romance","A film projectionist longs to be a detective, and puts his meagre skills to work when he is framed by a rival for stealing his girlfriend's father's pocketwatch."
196,Portrait de la jeune fille en feu,"Drama, Romance","On an isolated island in Brittany at the end of the eighteenth century, a female painter is obliged to paint a wedding portrait of a young woman."
197,Pink,"Drama, Thriller","When three young women are implicated in a crime, a retired lawyer steps forward to help them clear their names."
198,Koe no katachi,"Animation, Drama, Family","A young man is ostracized by his classmates after he bullies a deaf girl to the point where she moves away. Years later, he sets off on a path for redemption."
199,Contratiempo,"Crime, Drama, Mystery",A successful entrepreneur accused of murder and a witness preparation expert have less than three hours to come up with an impregnable defense.
200,Ah-ga-ssi,"Drama, Romance, Thriller","A woman is hired as a handmaiden to a Japanese heiress, but secretly she is involved in a plot to defraud her."
201,Mommy,Drama,"A widowed single mother, raising her violent son alone, finds new hope when a mysterious neighbor inserts herself into their household."
202,Haider,"Action, Crime, Drama","A young man returns to Kashmir after his father's disappearance to confront his uncle, whom he suspects of playing a role in his father's fate."
203,Logan,"Action, Drama, Sci-Fi","In a future where mutants are nearly extinct, an elderly and weary Logan leads a quiet life. But when Laura, a mutant child pursued by scientists, comes to him for help, he must get her to safety."
204,Room,"Drama, Thriller","Held captive for 7 years in an enclosed space, a woman and her young son finally gain their freedom, allowing the boy to experience the outside world for the first time."
205,Relatos salvajes,"Comedy, Drama, Thriller",Six short stories that explore the extremities of human behavior involving people in distress.
206,Soul,"Animation, Adventure, Comedy","After landing the gig of a lifetime, a New York jazz pianist suddenly finds himself trapped in a strange land between Earth and the afterlife."
207,Kis Uykusu,Drama,A hotel owner and landlord in a remote Turkish village deals with conflicts within his family and a tenant behind on his rent.
208,PK,"Comedy, Drama, Musical",An alien on Earth loses the only device he can use to communicate with his spaceship. His innocent nature and child-like questions force the country to evaluate the impact of religion on its people.
209,OMG: Oh My God!,"Comedy, Drama, Fantasy",A shopkeeper takes God to court when his shop is destroyed by an earthquake.
210,The Grand Budapest Hotel,"Adventure, Comedy, Crime","A writer encounters the owner of an aging high-class hotel, who tells him of his early years serving as a lobby boy in the hotel's glorious years under an exceptional concierge."
211,Gone Girl,"Drama, Mystery, Thriller","With his wife's disappearance having become the focus of an intense media circus, a man sees the spotlight turned on him when it's suspected that he may not be innocent."
212,Ôkami kodomo no Ame to Yuki,"Animation, Drama, Fantasy","After her werewolf lover unexpectedly dies in an accident while hunting for food for their children, a young woman must find ways to raise the werewolf son and daughter that she had with him while keeping their trait hidden from society."
213,Hacksaw Ridge,"Biography, Drama, History","World War II American Army Medic Desmond T. Doss, who served during the Battle of Okinawa, refuses to kill people, and becomes the first man in American history to receive the Medal of Honor without firing a shot."
214,Inside Out,"Animation, Adventure, Comedy","After young Riley is uprooted from her Midwest life and moved to San Francisco, her emotions - Joy, Fear, Anger, Disgust and Sadness - conflict on how best to navigate a new city, house, and school."
215,Barfi!,"Comedy, Drama, Romance",Three young people learn that love can neither be defined nor contained by society's definition of normal and abnormal.
216,12 Years a Slave,"Biography, Drama, History","In the antebellum United States, Solomon Northup, a free black man from upstate New York, is abducted and sold into slavery."
217,Rush,"Action, Biography, Drama",The merciless 1970s rivalry between Formula One rivals James Hunt and Niki Lauda.
218,Ford v Ferrari,"Action, Biography, Drama",American car designer Carroll Shelby and driver Ken Miles battle corporate interference and the laws of physics to build a revolutionary race car for Ford in order to defeat Ferrari at the 24 Hours of Le Mans in 1966.
219,Spotlight,"Biography, Crime, Drama","The true story of how the Boston Globe uncovered the massive scandal of child molestation and cover-up within the local Catholic Archdiocese, shaking the entire Catholic Church to its core."
220,Song of the Sea,"Animation, Adventure, Drama","Ben, a young Irish boy, and his little sister Saoirse, a girl who can turn into a seal, go on an adventure to free the fairies and save the spirit world."
221,Kahaani,"Mystery, Thriller","A pregnant woman's search for her missing husband takes her from London to Kolkata, but everyone she questions denies having ever met him."
222,Zindagi Na Milegi Dobara,"Comedy, Drama",Three friends decide to turn their fantasy vacation into reality after one of their friends gets engaged.
223,Prisoners,"Crime, Drama, Mystery","When Keller Dover's daughter and her friend go missing, he takes matters into his own hands as the police pursue multiple leads and the pressure mounts."
224,Mad Max: Fury Road,"Action, Adventure, Sci-Fi","In a post-apocalyptic wasteland, a woman rebels against a tyrannical ruler in search for her homeland with the aid of a group of female prisoners, a psychotic worshiper, and a drifter named Max."
225,A Wednesday,"Action, Crime, Drama",A retiring police officer reminisces about the most astounding day of his career. About a case that was never filed but continues to haunt him in his memories - the case of a man and a Wednesday.
226,Gran Torino,Drama,"Disgruntled Korean War veteran Walt Kowalski sets out to reform his neighbor, Thao Lor, a Hmong teenager who tried to steal Kowalski's prized possession: a 1972 Gran Torino."
227,Harry Potter and the Deathly Hallows: Part 2,"Adventure, Drama, Fantasy","Harry, Ron, and Hermione search for Voldemort's remaining Horcruxes in their effort to destroy the Dark Lord as the final battle rages on at Hogwarts."
228,Okuribito,"Drama, Music",A newly unemployed cellist takes a job preparing the dead for funerals.
229,Hachi: A Dog's Tale,"Biography, Drama, Family",A college professor bonds with an abandoned dog he takes into his home.
230,Mary and Max,"Animation, Comedy, Drama","A tale of friendship between two unlikely pen pals: Mary, a lonely, eight-year-old girl living in the suburbs of Melbourne, and Max, a forty-four-year old, severely obese man living in New York."
231,How to Train Your Dragon,"Animation, Action, Adventure","A hapless young Viking who aspires to hunt dragons becomes the unlikely friend of a young dragon himself, and learns there may be more to the creatures than he assumed."
232,Into the Wild,"Adventure, Biography, Drama","After graduating from Emory University, top student and athlete Christopher McCandless abandons his possessions, gives his entire $24,000 savings account to charity and hitchhikes to Alaska to live in the wilderness. Along the way, Christopher encounters a series of characters that shape his life."
233,No Country for Old Men,"Crime, Drama, Thriller",Violence and mayhem ensue after a hunter stumbles upon a drug deal gone wrong and more than two million dollars in cash near the Rio Grande.
234,Lage Raho Munna Bhai,"Comedy, Drama, Romance",Munna Bhai embarks on a journey with Mahatma Gandhi in order to fight against a corrupt property dealer.
235,Million Dollar Baby,"Drama, Sport",A determined woman works with a hardened boxing trainer to become a professional.
236,Hotel Rwanda,"Biography, Drama, History","Paul Rusesabagina, a hotel manager, houses over a thousand Tutsi refugees during their struggle against the Hutu militia in Rwanda, Africa."
237,Taegukgi hwinalrimyeo,"Action, Drama, War","When two brothers are forced to fight in the Korean War, the elder decides to take the riskiest missions if it will help shield the younger from battle."
238,Before Sunset,"Drama, Romance","Nine years after Jesse and Celine first met, they encounter each other again on the French leg of Jesse's book tour."
239,Munna Bhai M.B.B.S.,"Comedy, Drama, Musical",A gangster sets out to fulfill his father's dream of becoming a doctor.
240,Salinui chueok,"Crime, Drama, Mystery","In a small Korean province in 1986, two detectives struggle with the case of multiple young women being found raped and murdered by an unknown culprit."
241,Dil Chahta Hai,"Comedy, Drama, Romance","Three inseparable childhood friends are just out of college. Nothing comes between them - until they each fall in love, and their wildly different approaches to relationships creates tension."
242,Kill Bill: Vol. 1,"Action, Crime, Drama","After awakening from a four-year coma, a former assassin wreaks vengeance on the team of assassins who betrayed her."
243,Finding Nemo,"Animation, Adventure, Comedy","After his son is captured in the Great Barrier Reef and taken to Sydney, a timid clownfish sets out on a journey to bring him home."
244,Catch Me If You Can,"Biography, Crime, Drama","Barely 21 yet, Frank is a skilled forger who has passed as a doctor, lawyer and pilot. FBI agent Carl becomes obsessed with tracking down the con man, who only revels in the pursuit."
245,Amores perros,"Drama, Thriller","A horrific car accident connects three stories, each involving characters dealing with loss, regret, and life's harsh realities, all in the name of love."
246,"Monsters, Inc.","Animation, Adventure, Comedy","In order to power the city, monsters have to scare children so that they scream. However, the children are toxic to the monsters, and after a child gets through, 2 monsters realize things may not be what they think."
247,"Shin seiki Evangelion Gekijô-ban: Air/Magokoro wo, kimi ni","Animation, Action, Drama",Concurrent theatrical ending of the TV series Shin seiki evangerion (1995).
248,Lagaan: Once Upon a Time in India,"Adventure, Drama, Musical",The people of a small village in Victorian India stake their future on a game of cricket against their ruthless British rulers.
249,The Sixth Sense,"Drama, Mystery, Thriller",A boy who communicates with spirits seeks the help of a disheartened child psychologist.
250,La leggenda del pianista sull'oceano,"Drama, Music, Romance","A baby boy, discovered in 1900 on an ocean liner, grows into a musical prodigy, never setting foot on land."
251,The Truman Show,"Comedy, Drama",An insurance salesman discovers his whole life is actually a reality TV show.
252,"Crna macka, beli macor","Comedy, Crime, Romance",Matko and his son Zare live on the banks of the Danube river and get by through hustling and basically doing anything to make a living. In order to pay off a business debt Matko agrees to marry off Zare to the sister of a local gangster.
253,The Big Lebowski,"Comedy, Crime, Sport","Jeff ""The Dude"" Lebowski, mistaken for a millionaire of the same name, seeks restitution for his ruined rug and enlists his bowling buddies to help get it."
254,Fa yeung nin wah,"Drama, Romance","Two neighbors, a woman and a man, form a strong bond after both suspect extramarital activities of their spouses. However, they agree to keep their bond platonic so as not to commit similar wrongs."
255,Trainspotting,Drama,"Renton, deeply immersed in the Edinburgh drug scene, tries to clean up and get out, despite the allure of the drugs and influence of friends."
256,Fargo,"Crime, Drama, Thriller",Jerry Lundegaard's inept crime falls apart due to his and his henchmen's bungling and the persistent police work of the quite pregnant Marge Gunderson.
257,Underground,"Comedy, Drama, War","A group of Serbian socialists prepares for the war in a surreal underground filled by parties, tragedies, love and hate."
258,La haine,"Crime, Drama",24 hours in the lives of three young men in the French suburbs the day after a violent riot.
259,Dilwale Dulhania Le Jayenge,"Drama, Romance","When Raj meets Simran in Europe, it isn't love at first sight but when Simran moves to India for an arranged marriage, love makes its presence felt."
260,Before Sunrise,"Drama, Romance","A young man and woman meet on a train in Europe, and wind up spending one evening together in Vienna. Unfortunately, both know that this will probably be their only night together."
261,Trois couleurs: Rouge,"Drama, Mystery, Romance",A model discovers a retired judge is keen on invading people's privacy.
262,Chung Hing sam lam,"Comedy, Crime, Drama","Two melancholy Hong Kong policemen fall in love: one with a mysterious female underworld figure, the other with a beautiful and ethereal server at a late-night restaurant he frequents."
263,Jurassic Park,"Action, Adventure, Sci-Fi",A pragmatic paleontologist visiting an almost complete theme park is tasked with protecting a couple of kids after a power failure causes the park's cloned dinosaurs to run loose.
264,In the Name of the Father,"Biography, Crime, Drama",A man's coerced confession to an I.R.A. bombing he did not commit results in the imprisonment of his father as well. An English lawyer fights to free them.
265,Ba wang bie ji,"Drama, Music, Romance",Two boys meet at an opera training school in Peking in 1924. Their resulting friendship will span nearly 70 years and will endure some of the most troublesome times in China's history.
266,Dà hóng denglong gaogao guà,"Drama, History, Romance","A young woman becomes the fourth wife of a wealthy lord, and must learn to live with the strict rules and tensions within the household."
267,Dead Poets Society,"Comedy, Drama",Maverick teacher John Keating uses poetry to embolden his boarding school students to new heights of self-expression.
268,Stand by Me,"Adventure, Drama","After the death of one of his friends, a writer recounts a childhood journey with his friends to find the body of a missing boy."
269,Platoon,"Drama, War","Chris Taylor, a neophyte recruit in Vietnam, finds himself caught in a battle of wills between two sergeants, one good and the other evil. A shrewd examination of the brutality of war and the duality of man in conflict."
270,"Paris, Texas",Drama,"Travis Henderson, an aimless drifter who has been missing for four years, wanders out of the desert and must reconnect with society, himself, his life, and his family."
271,Kaze no tani no Naushika,"Animation, Adventure, Fantasy",Warrior and pacifist Princess Nausicaä desperately struggles to prevent two warring nations from destroying themselves and their dying planet.
272,The Thing,"Horror, Mystery, Sci-Fi",A research team in Antarctica is hunted by a shape-shifting alien that assumes the appearance of its victims.
273,Pink Floyd: The Wall,"Drama, Fantasy, Music",A confined but troubled rock star descends into madness in the midst of his physical and social isolation from everyone.
274,Fitzcarraldo,"Adventure, Drama","The story of Brian Sweeney Fitzgerald, an extremely determined man who intends to build an opera house in the middle of a jungle."
275,Fanny och Alexander,Drama,"Two young Swedish children experience the many comedies and tragedies of their family, the Ekdahls."
276,Blade Runner,"Action, Sci-Fi, Thriller","A blade runner must pursue and terminate four replicants who stole a ship in space, and have returned to Earth to find their creator."
277,The Elephant Man,"Biography, Drama","A Victorian surgeon rescues a heavily disfigured man who is mistreated while scraping a living as a side-show freak. Behind his monstrous façade, there is revealed a person of kindness, intelligence and sophistication."
278,Life of Brian,Comedy,"Born on the original Christmas in the stable next door to Jesus Christ, Brian of Nazareth spends his life being mistaken for a messiah."
279,The Deer Hunter,"Drama, War",An in-depth examination of the ways in which the U.S. Vietnam War impacts and disrupts the lives of people in a small industrial town in Pennsylvania.
280,Rocky,"Drama, Sport",A small-time boxer gets a supremely rare chance to fight a heavy-weight champion in a bout in which he strives to go the distance for his self-respect.
281,Network,Drama,A television network cynically exploits a deranged former anchor's ravings and revelations about the news media for its own profit.
282,Barry Lyndon,"Adventure, Drama, History",An Irish rogue wins the heart of a rich widow and assumes her dead husband's aristocratic position in 18th-century England.
283,Zerkalo,"Biography, Drama","A dying man in his forties remembers his past. His childhood, his mother, the war, personal moments and things that tell of the recent history of all the Russian nation."
284,Chinatown,"Drama, Mystery, Thriller","A private detective hired to expose an adulterer finds himself caught up in a web of deceit, corruption, and murder."
285,Paper Moon,"Comedy, Crime, Drama","During the Great Depression, a con man finds himself saddled with a young girl who may or may not be his daughter, and the two forge an unlikely partnership."
286,Viskningar och rop,Drama,"When a woman dying of cancer in early twentieth-century Sweden is visited by her two sisters, long-repressed feelings between the siblings rise to the surface."
287,Solaris,"Drama, Mystery, Sci-Fi",A psychologist is sent to a station orbiting a distant planet in order to discover what has caused the crew to go insane.
288,Le samouraï,"Crime, Drama, Mystery",After professional hitman Jef Costello is seen by witnesses his efforts to provide himself an alibi drive him further into a corner.
289,Cool Hand Luke,"Crime, Drama","A laid back Southern man is sentenced to two years in a rural prison, but refuses to conform."
290,Persona,"Drama, Thriller",A nurse is put in charge of a mute actress and finds that their personae are melding together.
291,Andrei Rublev,"Biography, Drama, History","The life, times and afflictions of the fifteenth-century Russian iconographer St. Andrei Rublev."
292,La battaglia di Algeri,"Drama, War","In the 1950s, fear and violence escalate as the people of Algiers fight for independence from the French government."
293,El ángel exterminador,"Drama, Fantasy",The guests at an upper-class dinner party find themselves unable to leave.
294,What Ever Happened to Baby Jane?,"Drama, Horror, Thriller",A former child star torments her paraplegic sister in their decaying Hollywood mansion.
295,Sanjuro,"Action, Comedy, Crime","A crafty samurai helps a young man and his fellow clansmen save his uncle, who has been framed and imprisoned by a corrupt superintendent."
296,The Man Who Shot Liberty Valance,"Drama, Western",A senator returns to a western town for the funeral of an old friend and tells the story of his origins.
297,Ivanovo detstvo,"Drama, War","In WW2, twelve year old Soviet orphan Ivan Bondarev works for the Soviet army as a scout behind the German lines and strikes a friendship with three sympathetic Soviet officers."
298,Jungfrukällan,Drama,"An innocent yet pampered young virgin and her family's pregnant and jealous servant set out to deliver candles to church, but only one returns from events that transpire in the woods along the way."
299,Inherit the Wind,"Biography, Drama, History","Based on a real-life case in 1925, two great lawyers argue the case for and against a science teacher accused of the crime of teaching evolution."
300,Les quatre cents coups,"Crime, Drama","A young boy, left without attention, delves into a life of petty crime."
301,Ben-Hur,"Adventure, Drama, History","After a Jewish prince is betrayed and sent into slavery by a Roman friend, he regains his freedom and comes back for revenge."
302,Kakushi-toride no san-akunin,"Adventure, Drama","Lured by gold, two greedy peasants unknowingly escort a princess and her general across enemy lines."
303,Le notti di Cabiria,Drama,A waifish prostitute wanders the streets of Rome looking for true love but finds only heartbreak.
304,Kumonosu-jô,"Drama, History","A war-hardened general, egged on by his ambitious wife, works to fulfill a prophecy that he would become lord of Spider's Web Castle."
305,The Bridge on the River Kwai,"Adventure, Drama, War","British POWs are forced to build a railway bridge across the river Kwai for their Japanese captors, not knowing that the allied forces are planning to destroy it."
306,On the Waterfront,"Crime, Drama, Thriller",An ex-prize fighter turned longshoreman struggles to stand up to his corrupt union bosses.
307,Le salaire de la peur,"Adventure, Drama, Thriller","In a decrepit South American village, four men are hired to transport an urgent nitroglycerine shipment without the equipment that would make it safe."
308,Ace in the Hole,"Drama, Film-Noir","A frustrated former big-city journalist now stuck working for an Albuquerque newspaper exploits a story about a man trapped in a cave to rekindle his career, but the situation quickly escalates into an out-of-control circus."
309,White Heat,"Action, Crime, Drama",A psychopathic criminal with a mother complex makes a daring break from prison and leads his old gang in a chemical plant payroll heist.
310,The Third Man,"Film-Noir, Mystery, Thriller","Pulp novelist Holly Martins travels to shadowy, postwar Vienna, only to find himself investigating the mysterious death of an old friend, Harry Lime."
311,The Red Shoes,"Drama, Music, Romance",A young ballet dancer is torn between the man she loves and her pursuit to become a prima ballerina.
312,The Shop Around the Corner,"Comedy, Drama, Romance","Two employees at a gift shop can barely stand each other, without realizing that they are falling in love through the post as each other's anonymous pen pal."
313,Rebecca,"Drama, Mystery, Romance",A self-conscious woman juggles adjusting to her new role as an aristocrat's wife and avoiding being intimidated by his first wife's spectral presence.
314,Mr. Smith Goes to Washington,"Comedy, Drama","A naive man is appointed to fill a vacancy in the United States Senate. His plans promptly collide with political corruption, but he doesn't back down."
315,Gone with the Wind,"Drama, History, Romance",A manipulative woman and a roguish man conduct a turbulent romance during the American Civil War and Reconstruction periods.
316,La Grande Illusion,"Drama, War","During WWI, two French soldiers are captured and imprisoned in a German P.O.W. camp. Several escape attempts follow until they are eventually sent to a seemingly inescapable fortress."
317,It Happened One Night,"Comedy, Romance","A renegade reporter and a crazy young heiress meet on a bus heading for New York, and end up stuck with each other when the bus leaves them behind at one of the stops."
318,La passion de Jeanne d'Arc,"Biography, Drama, History","In 1431, Jeanne d'Arc is placed on trial on charges of heresy. The ecclesiastical jurists attempt to force Jeanne to recant her claims of holy visions."
319,The Circus,"Comedy, Romance",The Tramp finds work and the girl of his dreams at a circus.
320,Sunrise: A Song of Two Humans,"Drama, Romance",An allegorical tale about a man fighting the good and evil within him. Both sides are made flesh - one a sophisticated woman he is attracted to and the other his wife.
321,The General,"Action, Adventure, Comedy","When Union spies steal an engineer's beloved locomotive, he pursues it single-handedly and straight through enemy lines."
322,Das Cabinet des Dr. Caligari,"Fantasy, Horror, Mystery","Hypnotist Dr. Caligari uses a somnambulist, Cesare, to commit murders."
323,Badhaai ho,"Comedy, Drama",A man is embarrassed when he finds out his mother is pregnant.
324,Togo,"Adventure, Biography, Drama","The story of Togo, the sled dog who led the 1925 serum run yet was considered by most to be too small and weak to lead such an intense race."
325,Airlift,"Drama, History","When Iraq invades Kuwait in August 1990, a callous Indian businessman becomes the spokesperson for more than 170,000 stranded countrymen."
326,Bajrangi Bhaijaan,"Action, Adventure, Comedy",An Indian man with a magnanimous heart takes a young mute Pakistani girl back to her homeland to reunite her with her family.
327,Baby,"Action, Crime, Thriller","An elite counter-intelligence unit learns of a plot, masterminded by a maniacal madman. With the clock ticking, it's up to them to track the terrorists' international tentacles and prevent them from striking at the heart of India."
328,La La Land,"Comedy, Drama, Music","While navigating their careers in Los Angeles, a pianist and an actress fall in love while attempting to reconcile their aspirations for the future."
329,Lion,"Biography, Drama","A five-year-old Indian boy is adopted by an Australian couple after getting lost hundreds of kilometers from home. 25 years later, he sets out to find his lost family."
330,The Martian,"Adventure, Drama, Sci-Fi","An astronaut becomes stranded on Mars after his team assume him dead, and must rely on his ingenuity to find a way to signal to Earth that he is alive."
331,Zootopia,"Animation, Adventure, Comedy","In a city of anthropomorphic animals, a rookie bunny cop and a cynical con artist fox must work together to uncover a conspiracy."
332,Bãhubali: The Beginning,"Action, Drama","In ancient India, an adventurous and daring man becomes involved in a decades-old feud between two warring peoples."
333,Kaguyahime no monogatari,"Animation, Adventure, Drama","Found inside a shining stalk of bamboo by an old bamboo cutter and his wife, a tiny girl grows rapidly into an exquisite young lady. The mysterious young princess enthralls all who encounter her, but ultimately she must confront her fate, the punishment for her crime."
334,Wonder,"Drama, Family","Based on the New York Times bestseller, this movie tells the incredibly inspiring and heartwarming story of August Pullman, a boy with facial differences who enters the fifth grade, attending a mainstream elementary school for the first time."
335,Gully Boy,"Drama, Music, Romance",A coming-of-age story based on the lives of street rappers in Mumbai.
336,Special Chabbis,"Crime, Drama, Thriller",A gang of con-men rob prominent rich businessmen and politicians by posing as C.B.I and income tax officers.
337,Short Term 12,Drama,A 20-something supervising staff member of a residential treatment facility navigates the troubled waters of that world alongside her co-worker and longtime boyfriend.
338,Serbuan maut 2: Berandal,"Action, Crime, Thriller","Only a short time after the first raid, Rama goes undercover with the thugs of Jakarta and plans to bring down the syndicate and uncover the corruption within his police force."
339,The Imitation Game,"Biography, Drama, Thriller","During World War II, the English mathematical genius Alan Turing tries to crack the German Enigma code with help from fellow mathematicians."
340,Guardians of the Galaxy,"Action, Adventure, Comedy",A group of intergalactic criminals must pull together to stop a fanatical warrior with plans to purge the universe.
341,Blade Runner 2049,"Action, Drama, Mystery","Young Blade Runner K's discovery of a long-buried secret leads him to track down former Blade Runner Rick Deckard, who's been missing for thirty years."
342,Her,"Drama, Romance, Sci-Fi","In a near future, a lonely writer develops an unlikely relationship with an operating system designed to meet his every need."
343,Bohemian Rhapsody,"Biography, Drama, Music","The story of the legendary British rock band Queen and lead singer Freddie Mercury, leading up to their famous performance at Live Aid (1985)."
344,The Revenant,"Action, Adventure, Drama",A frontiersman on a fur trading expedition in the 1820s fights for survival after being mauled by a bear and left for dead by members of his own hunting team.
345,The Perks of Being a Wallflower,"Drama, Romance",An introvert freshman is taken under the wings of two seniors who welcome him to the real world
346,Tropa de Elite 2: O Inimigo Agora é Outro,"Action, Crime, Drama","After a prison riot, former-Captain Nascimento, now a high ranking security officer in Rio de Janeiro, is swept into a bloody political dispute that involves government officials and paramilitary groups."
347,The King's Speech,"Biography, Drama, History","The story of King George VI, his impromptu ascension to the throne of the British Empire in 1936, and the speech therapist who helped the unsure monarch overcome his stammer."
348,The Help,Drama,"An aspiring author during the civil rights movement of the 1960s decides to write a book detailing the African American maids' point of view on the white families for which they work, and the hardships they go through on a daily basis."
349,Deadpool,"Action, Adventure, Comedy","A wisecracking mercenary gets experimented on and becomes immortal but ugly, and sets out to track down the man who ruined his looks."
350,Darbareye Elly,"Drama, Mystery",The mysterious disappearance of a kindergarten teacher during a picnic in the north of Iran is followed by a series of misadventures for her fellow travelers.
351,Dev.D,"Drama, Romance","After breaking up with his childhood sweetheart, a young man finds solace in drugs. Meanwhile, a teenage girl is caught in the world of prostitution. Will they be destroyed, or will they find redemption?"
352,Yip Man,"Action, Biography, Drama","During the Japanese invasion of China, a wealthy martial artist is forced to leave his home when his city is occupied. With little means of providing for themselves, Ip Man and the remaining members of the city must find a way to survive."
353,My Name Is Khan,Drama,An Indian Muslim man with Asperger's syndrome takes a challenge to speak to the President of the United States seriously and embarks on a cross-country journey.
354,Nefes: Vatan Sagolsun,"Action, Drama, Thriller",Story of 40-man Turkish task force who must defend a relay station.
355,Slumdog Millionaire,"Drama, Romance","A Mumbai teenager reflects on his life after being accused of cheating on the Indian version of ""Who Wants to be a Millionaire?""."
356,Black Swan,"Drama, Thriller","A committed dancer struggles to maintain her sanity after winning the lead role in a production of Tchaikovsky's ""Swan Lake""."
357,Tropa de Elite,"Action, Crime, Drama","In 1997 Rio de Janeiro, Captain Nascimento has to find a substitute for his position while trying to take down drug dealers and criminals before the Pope visits."
358,The Avengers,"Action, Adventure, Sci-Fi",Earth's mightiest heroes must come together and learn to fight as a team if they are going to stop the mischievous Loki and his alien army from enslaving humanity.
359,Persepolis,"Animation, Biography, Drama",A precocious and outspoken Iranian girl grows up during the Islamic Revolution.
360,Dallas Buyers Club,"Biography, Drama","In 1985 Dallas, electrician and hustler Ron Woodroof works around the system to help AIDS patients get the medication they need after he is diagnosed with the disease."
361,The Pursuit of Happyness,"Biography, Drama",A struggling salesman takes custody of his son as he's poised to begin a life-changing professional career.
362,Blood Diamond,"Adventure, Drama, Thriller","A fisherman, a smuggler, and a syndicate of businessmen match wits over the possession of a priceless diamond."
363,The Bourne Ultimatum,"Action, Mystery, Thriller",Jason Bourne dodges a ruthless C.I.A. official and his Agents from a new assassination program while searching for the origins of his life as a trained killer.
364,Bin-jip,"Crime, Drama, Romance",A transient young man breaks into empty homes to partake of the vacationing residents' lives for a few days.
365,Sin City,"Crime, Thriller","A movie that explores the dark and miserable town, Basin City, tells the story of three different people, all caught up in violent corruption."
366,Le scaphandre et le papillon,"Biography, Drama",The true story of Elle editor Jean-Dominique Bauby who suffers a stroke and has to live with an almost totally paralyzed body; only his left eye isn't paralyzed.
367,G.O.R.A.,"Adventure, Comedy, Sci-Fi",A slick young Turk kidnapped by extraterrestrials shows his great « humanitarian spirit » by outwitting the evil commander-in-chief of the planet of G.O.R.A.
368,Ratatouille,"Animation, Adventure, Comedy",A rat who can cook makes an unusual alliance with a young kitchen worker at a famous restaurant.
369,Casino Royale,"Action, Adventure, Thriller","After earning 00 status and a licence to kill, Secret Agent James Bond sets out on his first mission as 007. Bond must defeat a private banker funding terrorists in a high-stakes game of poker at Casino Royale, Montenegro."
370,Kill Bill: Vol. 2,"Action, Crime, Thriller","The Bride continues her quest of vengeance against her former boss and lover Bill, the reclusive bouncer Budd, and the treacherous, one-eyed Elle."
371,Vozvrashchenie,Drama,"In the Russian wilderness, two brothers face a range of new, conflicting emotions when their father - a man they know only through a single photograph - resurfaces."
372,Bom Yeoareum Gaeul Gyeoul Geurigo Bom,"Drama, Romance",A boy is raised by a Buddhist monk in an isolated floating temple where the years pass like the seasons.
373,Mar adentro,"Biography, Drama","The factual story of Spaniard Ramon Sampedro, who fought a thirty-year campaign in favor of euthanasia and his own right to die."
374,Cinderella Man,"Biography, Drama, History","The story of James J. Braddock, a supposedly washed-up boxer who came back to become a champion and an inspiration in the 1930s."
375,Kal Ho Naa Ho,"Comedy, Drama, Musical","Naina, an introverted, perpetually depressed girl's life changes when she meets Aman. But Aman has a secret of his own which changes their lives forever. Embroiled in all this is Rohit, Naina's best friend who conceals his love for her."
376,Mou gaan dou,"Action, Crime, Drama","A story between a mole in the police department and an undercover cop. Their objectives are the same: to find out who is the mole, and who is the cop."
377,Pirates of the Caribbean: The Curse of the Black Pearl,"Action, Adventure, Fantasy","Blacksmith Will Turner teams up with eccentric pirate ""Captain"" Jack Sparrow to save his love, the governor's daughter, from Jack's former pirate allies, who are now undead."
378,Big Fish,"Adventure, Drama, Fantasy",A frustrated son tries to determine the fact from fiction in his dying father's life.
379,The Incredibles,"Animation, Action, Adventure","A family of undercover superheroes, while trying to live the quiet suburban life, are forced into action to save the world."
380,Yeopgijeogin geunyeo,"Comedy, Drama, Romance","A young man sees a drunk, cute woman standing too close to the tracks at a metro station in Seoul and pulls her back. She ends up getting him into trouble repeatedly after that, starting on the train."
381,Dogville,"Crime, Drama","A woman on the run from the mob is reluctantly accepted in a small Colorado community in exchange for labor, but when a search visits the town she finds out that their support has a price."
382,Vizontele,"Comedy, Drama",Lives of residents in a small Anatolian village change when television is introduced to them
383,Donnie Darko,"Drama, Mystery, Sci-Fi","After narrowly escaping a bizarre accident, a troubled teenager is plagued by visions of a man in a large rabbit suit who manipulates him to commit a series of crimes."
384,Magnolia,Drama,"An epic mosaic of interrelated characters in search of love, forgiveness, and meaning in the San Fernando Valley."
385,Dancer in the Dark,"Crime, Drama, Musical","An East European girl travels to the United States with her young son, expecting it to be like a Hollywood film."
386,The Straight Story,"Biography, Drama",An old man makes a long journey by lawnmower to mend his relationship with an ill brother.
387,Pâfekuto burû,"Animation, Crime, Mystery","A pop singer gives up her career to become an actress, but she slowly goes insane when she starts being stalked by an obsessed fan and what seems to be a ghost of her past."
388,Festen,Drama,"At Helge's 60th birthday party, some unpleasant family truths are revealed."
389,Central do Brasil,Drama,"An emotive journey of a former school teacher, who writes letters for illiterate people, and a young boy, whose mother has just died, as they search for the father he never knew."
390,The Iron Giant,"Animation, Action, Adventure",A young boy befriends a giant robot from outer space that a paranoid government agent wants to destroy.
391,Knockin' on Heaven's Door,"Action, Crime, Comedy","Two terminally ill patients escape from a hospital, steal a car and rush towards the sea."
392,Sling Blade,Drama,"Karl Childers, a simple man hospitalized since his childhood murder of his mother and her lover, is released to start a new life in a small town."
393,Secrets & Lies,"Comedy, Drama","Following the death of her adoptive parents, a successful young black optometrist establishes contact with her biological mother -- a lonely white factory worker living in poverty in East London."
394,Twelve Monkeys,"Mystery, Sci-Fi, Thriller","In a future world devastated by disease, a convict is sent back in time to gather information about the man-made virus that wiped out most of the human population on the planet."
395,Kôkaku Kidôtai,"Animation, Action, Crime",A cyborg policewoman and her partner hunt a mysterious and powerful hacker called the Puppet Master.
396,The Nightmare Before Christmas,"Animation, Family, Fantasy","Jack Skellington, king of Halloween Town, discovers Christmas Town, but his attempts to bring Christmas to his home causes confusion."
397,Groundhog Day,"Comedy, Fantasy, Romance",A weatherman finds himself inexplicably living the same day over and over again.
398,Bound by Honor,"Crime, Drama","Based on the true life experiences of poet Jimmy Santiago Baca, the film focuses on step-brothers Paco and Cruz, and their bi-racial cousin Miklo."
399,Scent of a Woman,Drama,"A prep school student needing money agrees to ""babysit"" a blind man, but the job is not at all what he anticipated."
400,Aladdin,"Animation, Adventure, Comedy",A kindhearted street urchin and a power-hungry Grand Vizier vie for a magic lamp that has the power to make their deepest wishes come true.
401,JFK,"Drama, History, Thriller",New Orleans District Attorney Jim Garrison discovers there's more to the Kennedy assassination than the official story.
402,Beauty and the Beast,"Animation, Family, Fantasy",A prince cursed to spend his days as a hideous monster sets out to regain his humanity by earning a young woman's love.
403,Dances with Wolves,"Adventure, Drama, Western","Lieutenant John Dunbar, assigned to a remote western Civil War outpost, befriends wolves and Indians, making him an intolerable aberration in the military."
404,Do the Right Thing,"Comedy, Drama","On the hottest day of the year on a street in the Bedford-Stuyvesant section of Brooklyn, everyone's hate and bigotry smolders and builds until it explodes into violence."
405,Rain Man,Drama,Selfish yuppie Charlie Babbitt's father left a fortune to his savant brother Raymond and a pittance to Charlie; they travel cross-country.
406,Akira,"Animation, Action, Sci-Fi",A secret military project endangers Neo-Tokyo when it turns a biker gang member into a rampaging psychic psychopath who can only be stopped by two teenagers and a group of psychics.
407,The Princess Bride,"Adventure, Family, Fantasy","While home sick in bed, a young boy's grandfather reads him the story of a farmboy-turned-pirate who encounters numerous obstacles, enemies and allies in his quest to be reunited with his true love."
408,Der Himmel über Berlin,"Drama, Fantasy, Romance",An angel tires of overseeing human activity and wishes to become human when he falls in love with a mortal.
409,Au revoir les enfants,"Drama, War","A French boarding school run by priests seems to be a haven from World War II until a new student arrives. He becomes the roommate of the top student in his class. Rivals at first, the roommates form a bond and share a secret."
410,Tenkû no shiro Rapyuta,"Animation, Adventure, Drama",A young boy and a girl with a magic crystal must race against pirates and foreign agents in a search for a legendary floating castle.
411,The Terminator,"Action, Sci-Fi","A human soldier is sent from 2029 to 1984 to stop an almost indestructible cyborg killing machine, sent from the same year, which has been programmed to execute a young woman whose unborn son is the key to humanity's future salvation."
412,Gandhi,"Biography, Drama, History",The life of the lawyer who became the famed leader of the Indian revolts against the British rule through his philosophy of nonviolent protest.
413,Kagemusha,"Drama, History, War",A petty thief with an utter resemblance to a samurai warlord is hired as the lord's double. When the warlord later dies the thief is forced to take up arms in his place.
414,Being There,"Comedy, Drama","A simpleminded, sheltered gardener becomes an unlikely trusted advisor to a powerful businessman and an insider in Washington politics."
415,Annie Hall,"Comedy, Romance",Neurotic New York comedian Alvy Singer falls in love with the ditzy Annie Hall.
416,Jaws,"Adventure, Thriller","When a killer shark unleashes chaos on a beach community, it's up to a local sheriff, a marine biologist, and an old seafarer to hunt the beast down."
417,Dog Day Afternoon,"Biography, Crime, Drama","Three amateur bank robbers plan to hold up a bank. A nice simple robbery: Walk in, take the money, and run. Unfortunately, the supposedly uncomplicated heist suddenly becomes a bizarre nightmare as everything that could go wrong does."
418,Young Frankenstein,Comedy,"An American grandson of the infamous scientist, struggling to prove that his grandfather was not as insane as people believe, is invited to Transylvania, where he discovers the process that reanimates a dead body."
419,Papillon,"Biography, Crime, Drama","A man befriends a fellow criminal as the two of them begin serving their sentence on a dreadful prison island, which inspires the man to plot his escape."
420,The Exorcist,Horror,"When a 12-year-old girl is possessed by a mysterious entity, her mother seeks the help of two priests to save her."
421,Sleuth,"Mystery, Thriller","A man who loves games and theater invites his wife's lover to meet him, setting up a battle of wits with potentially deadly results."
422,The Last Picture Show,"Drama, Romance","In 1951, a group of high schoolers come of age in a bleak, isolated, atrophied North Texas town that is slowly dying, both culturally and economically."
423,Fiddler on the Roof,"Drama, Family, Musical","In prerevolutionary Russia, a Jewish peasant contends with marrying off three of his daughters while growing anti-Semitic sentiment threatens his village."
424,Il conformista,Drama,"A weak-willed Italian man becomes a fascist flunky who goes abroad to arrange the assassination of his old teacher, now a political dissident."
425,Butch Cassidy and the Sundance Kid,"Biography, Crime, Drama","Wyoming, early 1900s. Butch Cassidy and The Sundance Kid are the leaders of a band of outlaws. After a train robbery goes wrong they find themselves on the run with a posse hard on their heels. Their solution - escape to Bolivia."
426,Rosemary's Baby,"Drama, Horror",A young couple trying for a baby move into a fancy apartment surrounded by peculiar neighbors.
427,Planet of the Apes,"Adventure, Sci-Fi","An astronaut crew crash-lands on a planet in the distant future where intelligent talking apes are the dominant species, and humans are the oppressed and enslaved."
428,The Graduate,"Comedy, Drama, Romance",A disillusioned college graduate finds himself torn between his older lover and her daughter.
429,Who's Afraid of Virginia Woolf?,Drama,"A bitter, aging couple, with the help of alcohol, use their young houseguests to fuel anguish and emotional pain towards each other over the course of a distressing night."
430,The Sound of Music,"Biography, Drama, Family",A woman leaves an Austrian convent to become a governess to the children of a Naval officer widower.
431,Doctor Zhivago,"Drama, Romance, War","The life of a Russian physician and poet who, although married to another, falls in love with a political activist's wife and experiences hardship during World War I and then the October Revolution."
432,Per un pugno di dollari,"Action, Drama, Western","A wandering gunfighter plays two rival families against each other in a town torn apart by greed, pride, and revenge."
433,8½,Drama,A harried movie director retreats into his memories and fantasies.
434,Vivre sa vie: Film en douze tableaux,Drama,Twelve episodic tales in the life of a Parisian woman and her slow descent into prostitution.
435,The Hustler,"Drama, Sport",An up-and-coming pool player plays a long-time champion in a single high-stakes match.
436,La dolce vita,"Comedy, Drama",A series of stories following a week in the life of a philandering paparazzo journalist living in Rome.
437,Rio Bravo,"Action, Drama, Western","A small-town sheriff in the American West enlists the help of a cripple, a drunk, and a young gunfighter in his efforts to hold in jail the brother of the local bad guy."
438,Anatomy of a Murder,"Crime, Drama, Mystery","In a murder trial, the defendant says he suffered temporary insanity after the victim raped his wife. What is the truth, and will he win his case?"
439,Touch of Evil,"Crime, Drama, Film-Noir","A stark, perverse story of murder, kidnapping, and police corruption in a Mexican border town."
440,Cat on a Hot Tin Roof,Drama,Brick is an alcoholic ex-football player who drinks his days away and resists the affections of his wife. A reunion with his terminal father jogs a host of memories and revelations for both father and son.
441,Sweet Smell of Success,"Drama, Film-Noir",Powerful but unethical Broadway columnist J.J. Hunsecker coerces unscrupulous press agent Sidney Falco into breaking up his sister's romance with a jazz musician.
442,The Killing,"Crime, Drama, Film-Noir",Crook Johnny Clay assembles a five man team to plan and execute a daring race-track robbery.
443,The Night of the Hunter,"Crime, Drama, Film-Noir","A religious fanatic marries a gullible widow whose young children are reluctant to tell him where their real daddy hid the $10,000 he'd stolen in a robbery."
444,La Strada,Drama,"A care-free girl is sold to a traveling entertainer, consequently enduring physical and emotional pain along the way."
445,Les diaboliques,"Crime, Drama, Horror",The wife and mistress of a loathed school principal plan to murder him with what they believe is the perfect alibi.
446,Stalag 17,"Comedy, Drama, War","When two escaping American World War II prisoners are killed, the German P.O.W. camp barracks black marketeer, J.J. Sefton, is suspected of being an informer."
447,Roman Holiday,"Comedy, Romance",A bored and sheltered princess escapes her guardians and falls in love with an American newsman in Rome.
448,A Streetcar Named Desire,Drama,Disturbed Blanche DuBois moves in with her sister in New Orleans and is tormented by her brutish brother-in-law while her reality crumbles around her.
449,In a Lonely Place,"Drama, Film-Noir, Mystery","A potentially violent screenwriter is a murder suspect until his lovely neighbor clears him. However, she soon starts to have her doubts."
450,Kind Hearts and Coronets,"Comedy, Crime",A distant poor relative of the Duke D'Ascoyne plots to inherit the title by murdering the eight other heirs who stand ahead of him in the line of succession.
451,Rope,"Crime, Drama, Mystery",Two men attempt to prove they committed the perfect crime by hosting a dinner party after strangling their former classmate to death.
452,Out of the Past,"Crime, Drama, Film-Noir","A private eye escapes his past to run a gas station in a small town, but his past catches up with him. Now he must return to the big city world of danger, corruption, double crosses and duplicitous dames."
453,Brief Encounter,"Drama, Romance","Meeting a stranger in a railway station, a woman is tempted to cheat on her husband."
454,Laura,"Drama, Film-Noir, Mystery",A police detective falls in love with the woman whose murder he is investigating.
455,The Best Years of Our Lives,"Drama, Romance, War",Three World War II veterans return home to small-town America to discover that they and their families have been irreparably changed.
456,Arsenic and Old Lace,"Comedy, Crime, Thriller",A writer of books on the futility of marriage risks his reputation when he decides to get married. Things get even more complicated when he learns on his wedding day that his beloved maiden aunts are habitual murderers.
457,The Maltese Falcon,"Film-Noir, Mystery","A private detective takes on a case that involves him with three eccentric criminals, a gorgeous liar, and their quest for a priceless statuette."
458,The Grapes of Wrath,"Drama, History","A poor Midwest family is forced off their land. They travel to California, suffering the misfortunes of the homeless in the Great Depression."
459,The Wizard of Oz,"Adventure, Family, Fantasy",Dorothy Gale is swept away from a farm in Kansas to a magical land of Oz in a tornado and embarks on a quest with her new friends to see the Wizard who can help her return home to Kansas and help her friends as well.
460,La règle du jeu,"Comedy, Drama","A bourgeois life in France at the onset of World War II, as the rich and their poor servants meet up at a French chateau."
461,The Thin Man,"Comedy, Crime, Mystery","Former detective Nick Charles and his wealthy wife Nora investigate a murder case, mostly for the fun of it."
462,All Quiet on the Western Front,"Drama, War","A German youth eagerly enters World War I, but his enthusiasm wanes as he gets a firsthand view of the horror."
463,Bronenosets Potemkin,"Drama, History, Thriller","In the midst of the Russian Revolution of 1905, the crew of the battleship Potemkin mutiny against the brutal, tyrannical regime of the vessel's officers. The resulting street demonstration in Odessa brings on a police massacre."
464,Knives Out,"Comedy, Crime, Drama","A detective investigates the death of a patriarch of an eccentric, combative family."
465,Dil Bechara,"Comedy, Drama, Romance","The emotional journey of two hopelessly in love youngsters, a young girl, Kizie, suffering from cancer, and a boy, Manny, whom she meets at a support group."
466,Manbiki kazoku,"Crime, Drama",A family of small-time crooks take in a child they find outside in the cold.
467,Marriage Story,"Comedy, Drama, Romance",Noah Baumbach's incisive and compassionate look at a marriage breaking up and a family staying together.
468,Call Me by Your Name,"Drama, Romance","In 1980s Italy, romance blossoms between a seventeen-year-old student and the older man hired as his father's research assistant."
469,"I, Daniel Blake",Drama,"After having suffered a heart-attack, a 59-year-old carpenter must fight the bureaucratic forces of the system in order to receive Employment and Support Allowance."
470,Isle of Dogs,"Animation, Adventure, Comedy","Set in Japan, Isle of Dogs follows a boy's odyssey in search of his lost dog."
471,Hunt for the Wilderpeople,"Adventure, Comedy, Drama",A national manhunt is ordered for a rebellious kid and his foster uncle who go missing in the wild New Zealand bush.
472,Captain Fantastic,"Comedy, Drama","In the forests of the Pacific Northwest, a father devoted to raising his six kids with a rigorous physical and intellectual education is forced to leave his paradise and enter the world, challenging his idea of what it means to be a parent."
473,Sing Street,"Comedy, Drama, Music",A boy growing up in Dublin during the 1980s escapes his strained family life by starting a band to impress the mysterious girl he likes.
474,Thor: Ragnarok,"Action, Adventure, Comedy","Imprisoned on the planet Sakaar, Thor must race against time to return to Asgard and stop Ragnarök, the destruction of his world, at the hands of the powerful and ruthless villain Hela."
475,Nightcrawler,"Crime, Drama, Thriller","When Louis Bloom, a con man desperate for work, muscles into the world of L.A. crime journalism, he blurs the line between observer and participant to become the star of his own story."
476,Jojo Rabbit,"Comedy, Drama, War",A young boy in Hitler's army finds out his mother is hiding a Jewish girl in their home.
477,Arrival,"Drama, Sci-Fi",A linguist works with the military to communicate with alien lifeforms after twelve mysterious spacecrafts appear around the world.
478,Star Wars: Episode VII - The Force Awakens,"Action, Adventure, Sci-Fi","As a new threat to the galaxy rises, Rey, a desert scavenger, and Finn, an ex-stormtrooper, must join Han Solo and Chewbacca to search for the one hope of restoring peace."
479,Before Midnight,"Drama, Romance",We meet Jesse and Celine nine years on in Greece. Almost two decades have passed since their first meeting on that train bound for Vienna.
480,X-Men: Days of Future Past,"Action, Adventure, Sci-Fi",The X-Men send Wolverine to the past in a desperate effort to change history and prevent an event that results in doom for both humans and mutants.
481,Bir Zamanlar Anadolu'da,"Crime, Drama",A group of men set out in search of a dead body in the Anatolian steppes.
482,The Artist,"Comedy, Drama, Romance",An egomaniacal film star develops a relationship with a young dancer against the backdrop of Hollywood's silent era.
483,Edge of Tomorrow,"Action, Adventure, Sci-Fi","A soldier fighting aliens gets to relive the same day over and over again, the day restarting every time he dies."
484,Amour,"Drama, Romance","Georges and Anne are an octogenarian couple. They are cultivated, retired music teachers. Their daughter, also a musician, lives in Britain with her family. One day, Anne has a stroke, and the couple's bond of love is severely tested."
485,The Irishman,"Biography, Crime, Drama","An old man recalls his time painting houses for his friend, Jimmy Hoffa, through the 1950-70s."
486,Un prophète,"Crime, Drama",A young Arab man is sent to a French prison.
487,Moon,"Drama, Mystery, Sci-Fi","Astronaut Sam Bell has a quintessentially personal encounter toward the end of his three-year stint on the Moon, where he, working alongside his computer, GERTY, sends back to Earth parcels of a resource that has helped diminish our planet's power problems."
488,Låt den rätte komma in,"Crime, Drama, Fantasy","Oskar, an overlooked and bullied boy, finds love and revenge through Eli, a beautiful but peculiar girl."
489,District 9,"Action, Sci-Fi, Thriller",Violence ensues after an extraterrestrial race forced to live in slum-like conditions on Earth finds a kindred spirit in a government agent exposed to their biotechnology.
490,The Wrestler,"Drama, Sport","A faded professional wrestler must retire, but finds his quest for a new life outside the ring a dispiriting struggle."
491,Jab We Met,"Comedy, Drama, Romance",A depressed wealthy businessman finds his life changing after he meets a spunky and care-free young woman.
492,Boyhood,Drama,"The life of Mason, from early childhood to his arrival at college."
493,"4 luni, 3 saptamâni si 2 zile",Drama,A woman assists her friend in arranging an illegal abortion in 1980s Romania.
494,Star Trek,"Action, Adventure, Sci-Fi",The brash James T. Kirk tries to live up to his father's legacy with Mr. Spock keeping him in check as a vengeful Romulan from the future creates black holes to destroy the Federation one planet at a time.
495,In Bruges,"Comedy, Crime, Drama","Guilt-stricken after a job gone wrong, hitman Ray and his partner await orders from their ruthless boss in Bruges, Belgium, the last place in the world Ray wants to be."
496,The Man from Earth,"Drama, Fantasy, Mystery",An impromptu goodbye party for Professor John Oldman becomes a mysterious interrogation after the retiring scholar reveals to his colleagues he has a longer and stranger past than they can imagine.
497,Letters from Iwo Jima,"Action, Adventure, Drama","The story of the battle of Iwo Jima between the United States and Imperial Japan during World War II, as told from the perspective of the Japanese who fought it."
498,The Fall,"Adventure, Drama, Fantasy","In a hospital on the outskirts of 1920s Los Angeles, an injured stuntman begins to tell a fellow patient, a little girl with a broken arm, a fantastic story of five mythical heroes. Thanks to his fractured state of mind and her vivid imagination, the line between fiction and reality blurs as the tale advances."
499,Life of Pi,"Adventure, Drama, Fantasy","A young man who survives a disaster at sea is hurtled into an epic journey of adventure and discovery. While cast away, he forms an unexpected connection with another survivor: a fearsome Bengal tiger."
500,Fantastic Mr. Fox,"Animation, Adventure, Comedy",An urbane fox cannot resist returning to his farm raiding ways and then must help his community survive the farmers' retaliation.
501,C.R.A.Z.Y.,"Comedy, Drama","A young French-Canadian, growing up in the 1960s and 1970s, struggles to reconcile his emerging homosexuality with his father's conservative values and his own Catholic beliefs."
502,Les choristes,"Drama, Music",The new teacher at a severely administered boys' boarding school works to positively affect the students' lives through music.
503,Iron Man,"Action, Adventure, Sci-Fi","After being held captive in an Afghan cave, billionaire engineer Tony Stark creates a unique weaponized suit of armor to fight evil."
504,Shaun of the Dead,"Comedy, Horror",A man's uneventful life is disrupted by the zombie apocalypse.
505,Gegen die Wand,"Drama, Romance","With the intention to break free from the strict familial restrictions, a suicidal young woman sets up a marriage of convenience with a forty-year-old addict, an act that will lead to an outburst of envious love."
506,Mystic River,"Crime, Drama, Mystery",The lives of three men who were childhood friends are shattered when one of them has a family tragedy.
507,Harry Potter and the Prisoner of Azkaban,"Adventure, Family, Fantasy","Harry Potter, Ron and Hermione return to Hogwarts School of Witchcraft and Wizardry for their third year of study, where they delve into the mystery surrounding an escaped prisoner who poses a dangerous threat to the young wizard."
508,Ying xiong,"Action, Adventure, History","A defense officer, Nameless, was summoned by the King of Qin regarding his success of terminating three warriors."
509,Hable con ella,"Drama, Mystery, Romance",Two men share an odd friendship while they care for two women who are both in deep comas.
510,No Man's Land,"Comedy, Drama, War","Bosnia and Herzegovina during 1993 at the time of the heaviest fighting between the two warring sides. Two soldiers from opposing sides in the conflict, Nino and Ciki, become trapped in no man's land, whilst a third soldier becomes a living booby trap."
511,Cowboy Bebop: Tengoku no tobira,"Animation, Action, Crime","A terrorist explosion releases a deadly virus on the masses, and it's up the bounty-hunting Bebop crew to catch the cold-blooded culprit."
512,The Bourne Identity,"Action, Mystery, Thriller","A man is picked up by a fishing boat, bullet-riddled and suffering from amnesia, before racing to elude assassins and attempting to regain his memory."
513,Nueve reinas,"Crime, Drama, Thriller","Two con artists try to swindle a stamp collector by selling him a sheet of counterfeit rare stamps (the ""nine queens"")."
514,Children of Men,"Adventure, Drama, Sci-Fi","In 2027, in a chaotic world in which women have become somehow infertile, a former activist agrees to help transport a miraculously pregnant woman to a sanctuary at sea."
515,Almost Famous,"Adventure, Comedy, Drama",A high-school boy is given the chance to write a story for Rolling Stone Magazine about an up-and-coming rock band as he accompanies them on their concert tour.
516,Mulholland Dr.,"Drama, Mystery, Thriller","After a car wreck on the winding Mulholland Drive renders a woman amnesiac, she and a perky Hollywood-hopeful search for clues and answers across Los Angeles in a twisting venture beyond dreams and reality."
517,Toy Story 2,"Animation, Adventure, Comedy","When Woody is stolen by a toy collector, Buzz and his friends set out on a rescue mission to save Woody before he becomes a museum toy property with his roundup gang Jessie, Prospector, and Bullseye."
518,Boogie Nights,Drama,"Back when sex was safe, pleasure was a business and business was booming, an idealistic porn producer aspires to elevate his craft to an art when he discovers a hot young talent."
519,Mimi wo sumaseba,"Animation, Drama, Family","A love story between a girl who loves reading books, and a boy who has previously checked out all of the library books she chooses."
520,Once Were Warriors,"Crime, Drama",A family descended from Maori warriors is bedeviled by a violent father and the societal problems of being treated as outcasts.
521,True Romance,"Crime, Drama, Romance","In Detroit, a lonely pop culture geek marries a call girl, steals cocaine from her pimp, and tries to sell it in Hollywood. Meanwhile, the owners of the cocaine, the Mob, track them down in an attempt to reclaim it."
522,Trois couleurs: Bleu,"Drama, Music, Mystery",A woman struggles to find a way to live her life after the death of her husband and child.
523,Jûbê ninpûchô,"Animation, Action, Adventure",A vagabond swordsman is aided by a beautiful ninja girl and a crafty spy in confronting a demonic clan of killers - with a ghost from his past as their leader - who are bent on overthrowing the Tokugawa Shogunate.
524,Carlito's Way,"Crime, Drama, Thriller","A Puerto Rican former convict, just released from prison, pledges to stay away from drugs and violence despite the pressure around him and lead on to a better life outside of N.Y.C."
525,Edward Scissorhands,"Drama, Fantasy, Romance","An artificial man, who was incompletely constructed and has scissors for hands, leads a solitary life. Then one day, a suburban lady meets him and introduces him to her world."
526,My Left Foot: The Story of Christy Brown,"Biography, Drama","Christy Brown, born with cerebral palsy, learns to paint and write with his only controllable limb - his left foot."
527,Crimes and Misdemeanors,"Comedy, Drama",An ophthalmologist's mistress threatens to reveal their affair to his wife while a married documentary filmmaker is infatuated with another woman.
528,The Untouchables,"Crime, Drama, Thriller","During the era of Prohibition in the United States, Federal Agent Eliot Ness sets out to stop ruthless Chicago gangster Al Capone and, because of rampant corruption, assembles a small, hand-picked team to help him."
529,Hannah and Her Sisters,"Comedy, Drama","Between two Thanksgivings two years apart, Hannah's husband falls in love with her sister Lee, while her hypochondriac ex-husband rekindles his relationship with her sister Holly."
530,Brazil,"Drama, Sci-Fi",A bureaucrat in a dystopic society becomes an enemy of the state as he pursues the woman of his dreams.
531,This Is Spinal Tap,"Comedy, Music","Spinal Tap, one of England's loudest bands, is chronicled by film director Marty DiBergi on what proves to be a fateful tour."
532,A Christmas Story,"Comedy, Family","In the 1940s, a young boy named Ralphie attempts to convince his parents, his teacher and Santa that a Red Ryder BB gun really is the perfect Christmas gift."
533,The Blues Brothers,"Action, Adventure, Comedy","Jake Blues, just released from prison, puts together his old band to save the Catholic home where he and his brother Elwood were raised."
534,Manhattan,"Comedy, Drama, Romance",The life of a divorced television writer dating a teenage girl is further complicated when he falls in love with his best friend's mistress.
535,All That Jazz,"Drama, Music, Musical","Director/choreographer Bob Fosse tells his own life story as he details the sordid career of Joe Gideon, a womanizing, drug-using dancer."
536,Dawn of the Dead,"Action, Adventure, Horror","Following an ever-growing epidemic of zombies that have risen from the dead, two Philadelphia S.W.A.T. team members, a traffic reporter, and his television executive girlfriend seek refuge in a secluded shopping mall."
537,All the President's Men,"Biography, Drama, History","""The Washington Post"" reporters Bob Woodward and Carl Bernstein uncover the details of the Watergate scandal that leads to President Richard Nixon's resignation."
538,La montaña sagrada,"Adventure, Drama, Fantasy","In a corrupt, greed-fueled world, a powerful alchemist leads a messianic character and seven materialistic figures to the Holy Mountain, where they hope to achieve enlightenment."
539,Amarcord,"Comedy, Drama, Family",A series of comedic and nostalgic vignettes set in a 1930s Italian coastal town.
540,Le charme discret de la bourgeoisie,Comedy,"A surreal, virtually plotless series of dreams centered around six middle-class people and their consistently interrupted attempts to have a meal together."
541,"Aguirre, der Zorn Gottes","Action, Adventure, Biography","In the 16th century, the ruthless and insane Don Lope de Aguirre leads a Spanish expedition in search of El Dorado."
542,Harold and Maude,"Comedy, Drama, Romance","Young, rich, and obsessed with death, Harold finds himself changed forever when he meets lively septuagenarian Maude at a funeral."
543,Patton,"Biography, Drama, War",The World War II phase of the career of controversial American general George S. Patton.
544,The Wild Bunch,"Action, Adventure, Western","An aging group of outlaws look for one last big score as the ""traditional"" American West is disappearing around them."
545,Night of the Living Dead,"Horror, Thriller",A ragtag group of Pennsylvanians barricade themselves in an old farmhouse to remain safe from a horde of flesh-eating ghouls that are ravaging the East Coast of the United States.
546,The Lion in Winter,"Biography, Drama, History","1183 A.D.: King Henry II's three sons all want to inherit the throne, but he won't commit to a choice. They and his wife variously plot to force him."
547,In the Heat of the Night,"Crime, Drama, Mystery",A black police detective is asked to investigate a murder in a racially hostile southern town.
548,Charade,"Comedy, Mystery, Romance",Romance and suspense ensue in Paris as a woman is pursued by several men who want a fortune her murdered husband had stolen. Whom can she trust?
549,The Manchurian Candidate,"Drama, Thriller",A former prisoner of war is brainwashed as an unwitting assassin for an international Communist conspiracy.
550,Spartacus,"Adventure, Biography, Drama",The slave Spartacus leads a violent revolt against the decadent Roman Republic.
551,L'avventura,"Drama, Mystery","A woman disappears during a Mediterranean boating trip. During the search, her lover and her best friend become attracted to each other."
552,Hiroshima mon amour,"Drama, Romance",A French actress filming an anti-war film in Hiroshima has an affair with a married Japanese architect as they share their differing perspectives on war.
553,The Ten Commandments,"Adventure, Drama","Moses, an Egyptian Prince, learns of his true heritage as a Hebrew and his divine mission as the deliverer of his people."
554,The Searchers,"Adventure, Drama, Western",An American Civil War veteran embarks on a journey to rescue his niece from the Comanches.
555,East of Eden,Drama,"Two brothers struggle to maintain their strict, Bible-toting father's favor."
556,High Noon,"Drama, Thriller, Western","A town Marshal, despite the disagreements of his newlywed bride and the townspeople around him, must face a gang of deadly killers alone at high noon when the gang leader, an outlaw he sent up years ago, arrives on the noon train."
557,Strangers on a Train,"Crime, Film-Noir, Thriller",A psychopath forces a tennis star to comply with his theory that two strangers can get away with murder.
558,Harvey,"Comedy, Drama, Fantasy","Due to his insistence that he has an invisible six foot-tall rabbit for a best friend, a whimsical middle-aged man is thought by his family to be insane - but he may be wiser than anyone knows."
559,Miracle on 34th Street,"Comedy, Drama, Family","When a nice old man who claims to be Santa Claus is institutionalized as insane, a young lawyer decides to defend him by arguing in court that he is the real thing."
560,Notorious,"Drama, Film-Noir, Romance",A woman is asked to spy on a group of Nazi friends in South America. How far will she have to go to ingratiate herself with them?
561,The Big Sleep,"Crime, Film-Noir, Mystery","Private detective Philip Marlowe is hired by a wealthy family. Before the complex case is over, he's seen murder, blackmail, and what might be love."
562,The Lost Weekend,"Drama, Film-Noir",The desperate life of a chronic alcoholic is followed through a four-day drinking bout.
563,The Philadelphia Story,"Comedy, Romance","When a rich woman's ex-husband and a tabloid-type reporter turn up just before her planned remarriage, she begins to learn the truth about herself."
564,His Girl Friday,"Comedy, Drama, Romance",A newspaper editor uses every trick in the book to keep his ace reporter ex-wife from remarrying.
565,The Adventures of Robin Hood,"Action, Adventure, Romance","When Prince John and the Norman Lords begin oppressing the Saxon masses in King Richard's absence, a Saxon lord fights back as the outlaw leader of a rebel guerrilla army."
566,A Night at the Opera,"Comedy, Music, Musical",A sly business manager and two wacky friends of two opera singers help them achieve success while humiliating their stuffy and snobbish enemies.
567,King Kong,"Adventure, Horror, Sci-Fi",A film crew goes to a tropical island for an exotic location shoot and discovers a colossal ape who takes a shine to their female blonde star. He is then captured and brought back to New York City for public exhibition.
568,Freaks,"Drama, Horror","A circus' beautiful trapeze artist agrees to marry the leader of side-show performers, but his deformed friends discover she is only marrying him for his inheritance."
569,Nosferatu,"Fantasy, Horror",Vampire Count Orlok expresses interest in a new residence and real estate agent Hutter's wife.
570,The Gentlemen,"Action, Comedy, Crime","An American expat tries to sell off his highly profitable marijuana empire in London, triggering plots, schemes, bribery and blackmail in an attempt to steal his domain out from under him."
571,Raazi,"Action, Drama, Thriller",A Kashmiri woman agrees to marry a Pakistani army officer in order to spy on Pakistan during the Indo-Pakistan War of 1971.
572,Sound of Metal,"Drama, Music",A heavy-metal drummer's life is thrown into freefall when he begins to lose his hearing.
573,Forushande,Drama,"While both participating in a production of ""Death of a Salesman,"" a teacher's wife is assaulted in her new home, which leaves him determined to find the perpetrator over his wife's traumatized objections."
574,Dunkirk,"Action, Drama, History","Allied soldiers from Belgium, the British Empire, and France are surrounded by the German Army and evacuated during a fierce battle in World War II."
575,Perfetti sconosciuti,"Comedy, Drama","Seven long-time friends get together for a dinner. When they decide to share with each other the content of every text message, email and phone call they receive, many secrets start to unveil and the equilibrium trembles."
576,Hidden Figures,"Biography, Drama, History",The story of a team of female African-American mathematicians who served a vital role in NASA during the early years of the U.S. space program.
577,Paddington 2,"Adventure, Comedy, Family","Paddington (Ben Whishaw), now happily settled with the Brown family and a popular member of the local community, picks up a series of odd jobs to buy the perfect present for his Aunt Lucy's (Imelda Staunton's) 100th birthday, only for the gift to be stolen."
578,Udta Punjab,"Action, Crime, Drama",A story that revolves around drug abuse in the affluent north Indian State of Punjab and how the youth there have succumbed to it en-masse resulting in a socio-economic decline.
579,Kubo and the Two Strings,"Animation, Action, Adventure",A young boy named Kubo must locate a magical suit of armour worn by his late father in order to defeat a vengeful spirit from the past.
580,M.S. Dhoni: The Untold Story,"Biography, Drama, Sport",The untold story of Mahendra Singh Dhoni's journey from ticket collector to trophy collector - the world-cup-winning captain of the Indian Cricket Team.
581,Manchester by the Sea,Drama,A depressed uncle is asked to take care of his teenage nephew after the boy's father dies.
582,Under sandet,"Drama, History, War","In post-World War II Denmark, a group of young German POWs are forced to clear a beach of thousands of land mines under the watch of a Danish Sergeant who slowly learns to appreciate their plight."
583,Rogue One,"Action, Adventure, Sci-Fi",The daughter of an Imperial scientist joins the Rebel Alliance in a risky move to steal the plans for the Death Star.
584,Captain America: Civil War,"Action, Adventure, Sci-Fi",Political involvement in the Avengers' affairs causes a rift between Captain America and Iron Man.
585,The Hateful Eight,"Crime, Drama, Mystery","In the dead of a Wyoming winter, a bounty hunter and his prisoner find shelter in a cabin currently inhabited by a collection of nefarious characters."
586,Little Women,"Drama, Romance","Jo March reflects back and forth on her life, telling the beloved story of the March sisters - four young women, each determined to live life on her own terms."
587,Loving Vincent,"Animation, Biography, Crime","In a story depicted in oil painted animation, a young man comes to the last hometown of painter Vincent van Gogh (Robert Gulaczyk) to deliver the troubled artist's final letter and ends up investigating his final days there."
588,Pride,"Biography, Comedy, Drama",U.K. gay activists work to help miners during their lengthy strike of the National Union of Mineworkers in the summer of 1984.
589,Le passé,"Drama, Mystery","An Iranian man deserts his French wife and her two children to return to his homeland. Meanwhile, his wife starts up a new relationship, a reality her husband confronts upon his wife's request for a divorce."
590,La grande bellezza,Drama,"Jep Gambardella has seduced his way through the lavish nightlife of Rome for decades, but after his 65th birthday and a shock from the past, Jep looks past the nightclubs and parties to find a timeless landscape of absurd, exquisite beauty."
591,The Lunchbox,"Drama, Romance",A mistaken delivery in Mumbai's famously efficient lunchbox delivery system connects a young housewife to an older man in the dusk of his life as they build a fantasy world together through notes in the lunchbox.
592,Vicky Donor,"Comedy, Romance","A man is brought in by an infertility doctor to supply him with his sperm, where he becomes the biggest sperm donor for his clinic."
593,Big Hero 6,"Animation, Action, Adventure","A special bond develops between plus-sized inflatable robot Baymax and prodigy Hiro Hamada, who together team up with a group of friends to form a band of high-tech heroes."
594,About Time,"Comedy, Drama, Fantasy","At the age of 21, Tim discovers he can travel in time and change what happens and has happened in his own life. His decision to make his world a better place by getting a girlfriend turns out not to be as easy as you might think."
595,English Vinglish,"Comedy, Drama, Family","A quiet, sweet tempered housewife endures small slights from her well-educated husband and daughter every day because of her inability to speak and understand English."
596,Kaze tachinu,"Animation, Biography, Drama","A look at the life of Jiro Horikoshi, the man who designed Japanese fighter planes during World War II."
597,Toy Story 4,"Animation, Adventure, Comedy","When a new toy called ""Forky"" joins Woody and the gang, a road trip alongside old and new friends reveals how big the world can be for a toy."
598,La migliore offerta,"Crime, Drama, Mystery",A lonely art expert working for a mysterious and reclusive heiress finds not only her art worth examining.
599,Moonrise Kingdom,"Comedy, Drama, Romance","A pair of young lovers flee their New England town, which causes a local search party to fan out to find them."
600,How to Train Your Dragon 2,"Animation, Action, Adventure","When Hiccup and Toothless discover an ice cave that is home to hundreds of new wild dragons and the mysterious Dragon Rider, the two friends find themselves at the center of a battle to protect the peace."
601,The Big Short,"Biography, Comedy, Drama",In 2006-2007 a group of investors bet against the US mortgage market. In their research they discover how flawed and corrupt the market is.
602,Kokuhaku,"Drama, Thriller",A psychological thriller of a grieving mother turned cold-blooded avenger with a twisty master plan to pay back those who were responsible for her daughter's death.
603,Ang-ma-reul bo-at-da,"Action, Crime, Drama",A secret agent exacts revenge on a serial killer through a series of captures and releases.
604,The Girl with the Dragon Tattoo,"Crime, Drama, Mystery","Journalist Mikael Blomkvist is aided in his search for a woman who has been missing for forty years by Lisbeth Salander, a young computer hacker."
605,Captain Phillips,"Adventure, Biography, Crime","The true story of Captain Richard Phillips and the 2009 hijacking by Somali pirates of the U.S.-flagged MV Maersk Alabama, the first American cargo ship to be hijacked in two hundred years."
606,Ajeossi,"Action, Crime, Drama",A quiet pawnshop keeper with a violent past takes on a drug-and-organ trafficking ring in hope of saving the child who is his only friend.
607,Straight Outta Compton,"Biography, Drama, History","The rap group NWA emerges from the mean streets of Compton in Los Angeles, California, in the mid-1980s and revolutionizes Hip Hop culture with their music and tales about life in the hood."
608,Madeo,"Crime, Drama, Mystery",A mother desperately searches for the killer who framed her son for a girl's horrific murder.
609,Chugyeokja,"Action, Crime, Thriller",A disgraced ex-policeman who runs a small ring of prostitutes finds himself in a race against time when one of his women goes missing.
610,The Hobbit: The Desolation of Smaug,"Adventure, Fantasy","The dwarves, along with Bilbo Baggins and Gandalf the Grey, continue their quest to reclaim Erebor, their homeland, from Smaug. Bilbo Baggins is in possession of a mysterious and magical ring."
611,Das weiße Band - Eine deutsche Kindergeschichte,"Drama, History, Mystery","Strange events happen in a small village in the north of Germany during the years before World War I, which seem to be ritual punishment. Who is responsible?"
612,Män som hatar kvinnor,"Crime, Drama, Mystery",A journalist is aided by a young female hacker in his search for the killer of a woman who has been dead for forty years.
613,The Trial of the Chicago 7,"Drama, History, Thriller","The story of 7 people on trial stemming from various charges surrounding the uprising at the 1968 Democratic National Convention in Chicago, Illinois."
614,Druk,"Comedy, Drama","Four friends, all high school teachers, test a theory that they will improve their lives by maintaining a constant level of alcohol in their blood."
615,The Fighter,"Biography, Drama, Sport","Based on the story of Micky Ward, a fledgling boxer who tries to escape the shadow of his more famous but troubled older boxing brother and get his own shot at greatness."
616,Taken,"Action, Thriller","A retired CIA agent travels across Europe and relies on his old skills to save his estranged daughter, who has been kidnapped while on a trip to Paris."
617,The Boy in the Striped Pyjamas,"Drama, History, War","Through the innocent eyes of Bruno, the eight-year-old son of the commandant at a German concentration camp, a forbidden friendship with a Jewish boy on the other side of the camp fence has startling and unexpected consequences."
618,Once,"Drama, Music, Romance","A modern-day musical about a busker and an immigrant and their eventful week in Dublin, as they write, rehearse and record songs that tell their love story."
619,The Hobbit: An Unexpected Journey,"Adventure, Fantasy","A reluctant Hobbit, Bilbo Baggins, sets out to the Lonely Mountain with a spirited group of dwarves to reclaim their mountain home, and the gold within it from the dragon Smaug."
620,Auf der anderen Seite,Drama,A Turkish man travels to Istanbul to find the daughter of his father's former girlfriend.
621,Atonement,"Drama, Mystery, Romance",Thirteen-year-old fledgling writer Briony Tallis irrevocably changes the course of several lives when she accuses her older sister's lover of a crime he did not commit.
622,Drive,"Crime, Drama",A mysterious Hollywood stuntman and mechanic moonlights as a getaway driver and finds himself in trouble when he helps out his neighbor.
623,American Gangster,"Biography, Crime, Drama","An outcast New York City cop is charged with bringing down Harlem drug lord Frank Lucas, whose real life inspired this partly biographical film."
624,Avatar,"Action, Adventure, Fantasy",A paraplegic Marine dispatched to the moon Pandora on a unique mission becomes torn between following his orders and protecting the world he feels is his home.
625,Mr. Nobody,"Drama, Fantasy, Romance","A boy stands on a station platform as a train is about to leave. Should he go with his mother or stay with his father? Infinite possibilities arise from this decision. As long as he doesn't choose, anything is possible."
626,Apocalypto,"Action, Adventure, Drama","As the Mayan kingdom faces its decline, a young man is taken on a perilous journey to a world ruled by fear and oppression."
627,Little Miss Sunshine,"Comedy, Drama",A family determined to get their young daughter into the finals of a beauty pageant take a cross-country trip in their VW bus.
628,Hot Fuzz,"Action, Comedy, Mystery",A skilled London police officer is transferred to a small town with a dark secret.
629,The Curious Case of Benjamin Button,"Drama, Fantasy, Romance","Tells the story of Benjamin Button, a man who starts aging backwards with consequences."
630,Veer-Zaara,"Drama, Family, Musical","Veer-Zaara is a saga of love, separation, courage and sacrifice. A love story that is an inspiration and will remain a legend forever."
631,Adams æbler,"Comedy, Crime, Drama",A neo-nazi sentenced to community service at a church clashes with the blindly devotional priest.
632,Pride & Prejudice,"Drama, Romance","Sparks fly when spirited Elizabeth Bennet meets single, rich, and proud Mr. Darcy. But Mr. Darcy reluctantly finds himself falling in love with a woman beneath his class. Can each overcome their own pride and prejudice?"
633,The World's Fastest Indian,"Biography, Drama, Sport","The story of New Zealander Burt Munro, who spent years rebuilding a 1920 Indian motorcycle, which helped him set the land speed world record at Utah's Bonneville Salt Flats in 1967."
634,Tôkyô goddofâzâzu,"Animation, Adventure, Comedy","On Christmas Eve, three homeless people living on the streets of Tokyo discover a newborn baby among the trash and set out to find its parents."
635,Serenity,"Action, Adventure, Sci-Fi",The crew of the ship Serenity try to evade an assassin sent to recapture one of their members who is telepathic.
636,Walk the Line,"Biography, Drama, Music","A chronicle of country music legend Johnny Cash's life, from his early days on an Arkansas cotton farm to his rise to fame with Sun Records in Memphis, where he recorded alongside Elvis Presley, Jerry Lee Lewis, and Carl Perkins."
637,Ondskan,Drama,"A teenage boy expelled from school for fighting arrives at a boarding school where the systematic bullying of younger students is encouraged as a means to maintain discipline, and decides to fight back."
638,The Notebook,"Drama, Romance","A poor yet passionate young man falls in love with a rich young woman, giving her a sense of freedom, but they are soon separated because of their social differences."
639,Diarios de motocicleta,"Adventure, Biography, Drama",The dramatization of a motorcycle road trip Che Guevara went on in his youth that showed him his life's calling.
640,Lilja 4-ever,"Crime, Drama","Sixteen-year-old Lilja and her only friend, the young boy Volodja, live in Russia, fantasizing about a better life. One day, Lilja falls in love with Andrej, who is going to Sweden, and invites Lilja to come along and start a new life."
641,Les triplettes de Belleville,"Animation, Comedy, Drama","When her grandson is kidnapped during the Tour de France, Madame Souza and her beloved pooch Bruno team up with the Belleville Sisters--an aged song-and-dance team from the days of Fred Astaire--to rescue him."
642,Gongdong gyeongbi guyeok JSA,"Action, Drama, Thriller","After a shooting incident at the North/South Korean border/DMZ leaves 2 North Korean soldiers dead, a neutral Swiss/Swedish team investigates, what actually happened."
643,The Count of Monte Cristo,"Action, Adventure, Drama","A young man, falsely imprisoned by his jealous ""friend"", escapes and uses a hidden treasure to exact his revenge."
644,Waking Life,"Animation, Drama, Fantasy",A man shuffles through a dream meeting various people and discussing the meanings and purposes of the universe.
645,Remember the Titans,"Biography, Drama, Sport",The true story of a newly appointed African-American coach and his high school team on their first season as a racially integrated unit.
646,Wo hu cang long,"Action, Adventure, Fantasy",A young Chinese warrior steals a sword from a famed swordsman and then escapes into a world of romantic adventure with a mysterious man in the frontier of the nation.
647,Todo sobre mi madre,Drama,"Young Esteban wants to become a writer and also to discover the identity of his second mother, a trans woman, carefully concealed by his mother Manuela."
648,Cast Away,"Adventure, Drama, Romance",A FedEx executive undergoes a physical and emotional transformation after crash landing on a deserted island.
649,The Boondock Saints,"Action, Crime, Thriller",Two Irish Catholic brothers become vigilantes and wipe out Boston's criminal underworld in the name of God.
650,The Insider,"Biography, Drama, Thriller",A research chemist comes under personal and professional attack when he decides to appear in a 60 Minutes exposé on Big Tobacco.
651,October Sky,"Biography, Drama, Family","The true story of Homer Hickam, a coal miner's son who was inspired by the first Sputnik launch to take up rocketry against his father's wishes."
652,Shrek,"Animation, Adventure, Comedy","A mean lord exiles fairytale creatures to the swamp of a grumpy ogre, who must go on a quest and rescue a princess for the lord in order to get his land back."
653,Titanic,"Drama, Romance","A seventeen-year-old aristocrat falls in love with a kind but poor artist aboard the luxurious, ill-fated R.M.S. Titanic."
654,Hana-bi,"Crime, Drama, Romance","Nishi leaves the police in the face of harrowing personal and professional difficulties. Spiraling into depression, he makes questionable decisions."
655,Gattaca,"Drama, Sci-Fi, Thriller",A genetically inferior man assumes the identity of a superior one in order to pursue his lifelong dream of space travel.
656,The Game,"Action, Drama, Mystery","After a wealthy banker is given an opportunity to participate in a mysterious game, his life is turned upside down when he becomes unable to distinguish between the game and reality."
657,Breaking the Waves,Drama,"Oilman Jan is paralyzed in an accident. His wife, who prayed for his return, feels guilty; even more, when Jan urges her to have sex with another."
658,Ed Wood,"Biography, Comedy, Drama","Ambitious but troubled movie director Edward D. Wood Jr. tries his best to fulfill his dreams, despite his lack of talent."
659,What's Eating Gilbert Grape,Drama,A young man in a small Midwestern town struggles to care for his mentally-disabled younger brother and morbidly obese mother while attempting to pursue his own happiness.
660,Tombstone,"Action, Biography, Drama","A successful lawman's plans to retire anonymously in Tombstone, Arizona are disrupted by the kind of outlaws he was famous for eliminating."
661,The Sandlot,"Comedy, Drama, Family","In the summer of 1962, a new kid in town is taken under the wing of a young baseball prodigy and his rowdy team, resulting in many adventures."
662,The Remains of the Day,"Drama, Romance",A butler who sacrificed body and soul to service in the years leading up to World War II realizes too late how misguided his loyalty was to his lordly employer.
663,Naked,"Comedy, Drama","Parallel tales of two sexually obsessed men, one hurting and annoying women physically and mentally, one wandering around the city talking to strangers and experiencing dimensions of life."
664,The Fugitive,"Action, Crime, Drama","Dr. Richard Kimble, unjustly accused of murdering his wife, must find the real killer while being the target of a nationwide manhunt led by a seasoned U.S. Marshal."
665,A Bronx Tale,"Crime, Drama, Romance",A father becomes worried when a local gangster befriends his son in the Bronx in the 1960s.
666,Batman: Mask of the Phantasm,"Animation, Action, Crime",Batman is wrongly implicated in a series of murders of mob bosses actually done by a new vigilante assassin.
667,Lat sau san taam,"Action, Crime, Thriller",A tough-as-nails cop teams up with an undercover agent to shut down a sinister mobster and his crew.
668,Night on Earth,"Comedy, Drama",An anthology of 5 different cab drivers in 5 American and European cities and their remarkable fares on the same eventful night.
669,La double vie de Véronique,"Drama, Fantasy, Music","Two parallel stories about two identical women; one living in Poland, the other in France. They don't know each other, but their lives are nevertheless profoundly connected."
670,Boyz n the Hood,"Crime, Drama","Follows the lives of three young males living in the Crenshaw ghetto of Los Angeles, dissecting questions of race, relationships, violence, and future prospects."
671,Misery,"Drama, Thriller","After a famous author is rescued from a car crash by a fan of his novels, he comes to realize that the care he is receiving is only the beginning of a nightmare of captivity and abuse."
672,Awakenings,"Biography, Drama","The victims of an encephalitis epidemic many years ago have been catatonic ever since, but now a new drug offers the prospect of reviving them."
673,Majo no takkyûbin,"Animation, Adventure, Drama","A young witch, on her mandatory year of independent life, finds fitting into a new community difficult while she supports herself by running an air courier service."
674,Glory,"Biography, Drama, History","Robert Gould Shaw leads the U.S. Civil War's first all-black volunteer company, fighting prejudices from both his own Union Army, and the Confederates."
675,Dip huet seung hung,"Action, Crime, Drama",A disillusioned assassin accepts one last hit in hopes of using his earnings to restore vision to a singer he accidentally blinded.
676,Back to the Future Part II,"Adventure, Comedy, Sci-Fi","After visiting 2015, Marty McFly must repeat his visit to 1955 to prevent disastrous changes to 1985...without interfering with his first trip."
677,Mississippi Burning,"Crime, Drama, History",Two F.B.I. Agents with wildly different styles arrive in Mississippi to investigate the disappearance of some civil rights activists.
678,Predator,"Action, Adventure, Sci-Fi",A team of commandos on a mission in a Central American jungle find themselves hunted by an extraterrestrial warrior.
679,Evil Dead II,"Action, Comedy, Fantasy",The lone survivor of an onslaught of flesh-possessing spirits holes up in a cabin with a group of strangers while the demons continue their attack.
680,Ferris Bueller's Day Off,Comedy,"A high school wise guy is determined to have a day off from school, despite what the Principal thinks of that."
681,Down by Law,"Comedy, Crime, Drama","Two men are framed and sent to jail, where they meet a murderer who helps them escape and leave the state."
682,The Goonies,"Adventure, Comedy, Family",A group of young misfits called The Goonies discover an ancient map and set out on an adventure to find a legendary pirate's long-lost treasure.
683,The Color Purple,Drama,A black Southern woman struggles to find her identity after suffering abuse from her father and others over four decades.
684,The Breakfast Club,"Comedy, Drama",Five high school students meet in Saturday detention and discover how they have a lot more in common than they thought.
685,The Killing Fields,"Biography, Drama, History","A journalist is trapped in Cambodia during tyrant Pol Pot's bloody 'Year Zero' cleansing campaign, which claimed the lives of two million 'undesirable' civilians."
686,Ghostbusters,"Action, Comedy, Fantasy",Three former parapsychology professors set up shop as a unique ghost removal service.
687,The Right Stuff,"Adventure, Biography, Drama","The story of the original Mercury 7 astronauts and their macho, seat-of-the-pants approach to the space program."
688,The King of Comedy,"Comedy, Crime, Drama","Rupert Pupkin is a passionate yet unsuccessful comic who craves nothing more than to be in the spotlight and to achieve this, he stalks and kidnaps his idol to take the spotlight for himself."
689,E.T. the Extra-Terrestrial,"Family, Sci-Fi",A troubled child summons the courage to help a friendly alien escape Earth and return to his home world.
690,Kramer vs. Kramer,Drama,"Ted Kramer's wife leaves him, allowing for a lost bond to be rediscovered between Ted and his son, Billy. But a heated custody battle ensues over the divorced couple's son, deepening the wounds left by the separation."
691,Days of Heaven,"Drama, Romance",A hot-tempered farm laborer convinces the woman he loves to marry their rich but dying boss so that they can have a claim to his fortune.
692,The Outlaw Josey Wales,Western,Missouri farmer Josey Wales joins a Confederate guerrilla unit and winds up on the run from the Union soldiers who murdered his family.
693,The Man Who Would Be King,"Adventure, History, War","Two British former soldiers decide to set themselves up as Kings in Kafiristan, a land where no white man has set foot since Alexander the Great."
694,The Conversation,"Drama, Mystery, Thriller","A paranoid, secretive surveillance expert has a crisis of conscience when he suspects that the couple he is spying on will be murdered."
695,La planète sauvage,"Animation, Sci-Fi","On a faraway planet where blue giants rule, oppressed humanoids rebel against their machine-like leaders."
696,The Day of the Jackal,"Crime, Drama, Thriller","A professional assassin codenamed ""Jackal"" plots to kill Charles de Gaulle, the President of France."
697,Badlands,"Action, Crime, Drama",An impressionable teenage girl from a dead-end town and her older greaser boyfriend embark on a killing spree in the South Dakota badlands.
698,Cabaret,"Drama, Music, Musical",A female girlie club entertainer in Weimar Republic era Berlin romances two men while the Nazi Party rises to power around them.
699,Willy Wonka & the Chocolate Factory,"Family, Fantasy, Musical",A poor but hopeful boy seeks one of the five coveted golden tickets that will send him on a tour of Willy Wonka's mysterious chocolate factory.
700,Midnight Cowboy,Drama,"A naive hustler travels from Texas to New York City to seek personal fortune, finding a new friend in the process."
701,Wait Until Dark,Thriller,A recently blinded woman is terrorized by a trio of thugs while they search for a heroin-stuffed doll they believe is in her apartment.
702,Guess Who's Coming to Dinner,"Comedy, Drama",A couple's attitudes are challenged when their daughter introduces them to her African-American fiancé.
703,Bonnie and Clyde,"Action, Biography, Crime","Bored waitress Bonnie Parker falls in love with an ex-con named Clyde Barrow and together they start a violent crime spree through the country, stealing cars and robbing banks."
704,My Fair Lady,"Drama, Family, Musical",Snobbish phonetics Professor Henry Higgins agrees to a wager that he can make flower girl Eliza Doolittle presentable in high society.
705,Mary Poppins,"Comedy, Family, Fantasy","In turn of the century London, a magical nanny employs music and adventure to help two neglected children become closer to their father."
706,The Longest Day,"Action, Drama, History","The events of D-Day, told on a grand scale from both the Allied and German points of view."
707,Jules et Jim,"Drama, Romance",Decades of a love triangle concerning two friends and an impulsive woman.
708,The Innocents,Horror,A young governess for two children becomes convinced that the house and grounds are haunted.
709,À bout de souffle,"Crime, Drama","A small-time thief steals a car and impulsively murders a motorcycle policeman. Wanted by the authorities, he reunites with a hip American journalism student and attempts to persuade her to run away with him to Italy."
710,Red River,"Action, Adventure, Drama","Dunson leads a cattle drive, the culmination of over 14 years of work, to its destination in Missouri. But his tyrannical behavior along the way causes a mutiny, led by his adopted son."
711,Key Largo,"Action, Crime, Drama","A man visits his war buddy's family hotel and finds a gangster running things. As a hurricane approaches, the two end up confronting each other."
712,To Have and Have Not,"Adventure, Comedy, Film-Noir","During World War II, American expatriate Harry Morgan helps transport a French Resistance leader and his beautiful wife to Martinique while romancing a sensuous lounge singer."
713,Shadow of a Doubt,"Film-Noir, Thriller","A young girl, overjoyed when her favorite uncle comes to visit the family, slowly begins to suspect that he is in fact the ""Merry Widow"" killer sought by the authorities."
714,Stagecoach,"Adventure, Drama, Western",A group of people traveling on a stagecoach find their journey complicated by the threat of Geronimo and learn something about each other in the process.
715,The Lady Vanishes,"Mystery, Thriller","While travelling in continental Europe, a rich young playgirl realizes that an elderly lady seems to have disappeared from the train."
716,Bringing Up Baby,"Comedy, Family, Romance","While trying to secure a $1 million donation for his museum, a befuddled paleontologist is pursued by a flighty and often irritating heiress and her pet leopard, Baby."
717,Bride of Frankenstein,"Drama, Horror, Sci-Fi","Mary Shelley reveals the main characters of her novel survived: Dr. Frankenstein, goaded by an even madder scientist, builds his monster a mate."
718,Duck Soup,"Comedy, Musical, War",Rufus T. Firefly is named president/dictator of bankrupt Freedonia and declares war on neighboring Sylvania over the love of wealthy Mrs. Teasdale.
719,Scarface: The Shame of the Nation,"Action, Crime, Drama","An ambitious and nearly insane violent gangster climbs the ladder of success in the mob, but his weaknesses prove to be his downfall."
720,Frankenstein,"Drama, Horror, Sci-Fi",Dr. Frankenstein dares to tamper with life and death by creating a human monster out of lifeless body parts.
721,Roma,Drama,A year in the life of a middle-class family's maid in Mexico City in the early 1970s.
722,God's Own Country,"Drama, Romance","Spring. Yorkshire. Young farmer Johnny Saxby numbs his daily frustrations with binge drinking and casual sex, until the arrival of a Romanian migrant worker for lambing season ignites an intense relationship that sets Johnny on a new path."
723,Deadpool 2,"Action, Adventure, Comedy","Foul-mouthed mutant mercenary Wade Wilson (a.k.a. Deadpool), brings together a team of fellow mutant rogues to protect a young boy with supernatural abilities from the brutal, time-traveling cyborg Cable."
724,Wind River,"Crime, Drama, Mystery",A veteran hunter helps an FBI agent investigate the murder of a young woman on a Wyoming Native American reservation.
725,Get Out,"Horror, Mystery, Thriller","A young African-American visits his white girlfriend's parents for the weekend, where his simmering uneasiness about their reception of him eventually reaches a boiling point."
726,Mission: Impossible - Fallout,"Action, Adventure, Thriller","Ethan Hunt and his IMF team, along with some familiar allies, race against time after a mission gone wrong."
727,En man som heter Ove,"Comedy, Drama, Romance","Ove, an ill-tempered, isolated retiree who spends his days enforcing block association rules and visiting his wife's grave, has finally given up on life just as an unlikely friendship develops with his boisterous new neighbors."
728,What We Do in the Shadows,"Comedy, Horror","Viago, Deacon and Vladislav are vampires who are finding that modern life has them struggling with the mundane - like paying rent, keeping up with the chore wheel, trying to get into nightclubs and overcoming flatmate conflicts."
729,Omoide no Mânî,"Animation, Drama, Family","Due to 12 y.o. Anna's asthma, she's sent to stay with relatives of her guardian in the Japanese countryside. She likes to be alone, sketching. She befriends Marnie. Who is the mysterious, blonde Marnie."
730,The Theory of Everything,"Biography, Drama, Romance",A look at the relationship between the famous physicist Stephen Hawking and his wife.
731,Kingsman: The Secret Service,"Action, Adventure, Comedy","A spy organisation recruits a promising street kid into the agency's training program, while a global threat emerges from a twisted tech genius."
732,The Fault in Our Stars,"Drama, Romance",Two teenage cancer patients begin a life-affirming journey to visit a reclusive author in Amsterdam.
733,Me and Earl and the Dying Girl,"Comedy, Drama","High schooler Greg, who spends most of his time making parodies of classic movies with his co-worker Earl, finds his outlook forever altered after befriending a classmate who has just been diagnosed with cancer."
734,Birdman or (The Unexpected Virtue of Ignorance),"Comedy, Drama","A washed-up superhero actor attempts to revive his fading career by writing, directing, and starring in a Broadway production."
735,La vie d'Adèle,"Drama, Romance","Adèle's life is changed when she meets Emma, a young woman with blue hair, who will allow her to discover desire and to assert herself as a woman and as an adult. In front of others, Adèle grows, seeks herself, loses herself, and ultimately finds herself through love and loss."
736,Kai po che!,"Drama, Sport",Three friends growing up in India at the turn of the millennium set out to open a training academy to produce the country's next cricket stars.
737,The Broken Circle Breakdown,"Drama, Music, Romance","Elise and Didier fall in love at first sight, in spite of their differences. He talks, she listens. He's a romantic atheist, she's a religious realist. When their daughter becomes seriously ill, their love is put on trial."
738,Captain America: The Winter Soldier,"Action, Adventure, Sci-Fi","As Steve Rogers struggles to embrace his role in the modern world, he teams up with a fellow Avenger and S.H.I.E.L.D agent, Black Widow, to battle a new threat from history: an assassin known as the Winter Soldier."
739,Rockstar,"Drama, Music, Musical","Janardhan Jakhar chases his dreams of becoming a big Rock star, during which he falls in love with Heer."
740,Nebraska,"Adventure, Comedy, Drama","An aging, booze-addled father makes the trip from Montana to Nebraska with his estranged son in order to claim a million-dollar Mega Sweepstakes Marketing prize."
741,Wreck-It Ralph,"Animation, Adventure, Comedy","A video game villain wants to be a hero and sets out to fulfill his dream, but his quest brings havoc to the whole arcade where he lives."
742,Le Petit Prince,"Animation, Adventure, Drama","A little girl lives in a very grown-up world with her mother, who tries to prepare her for it. Her neighbor, the Aviator, introduces the girl to an extraordinary world where anything is possible, the world of the Little Prince."
743,Detachment,Drama,A substitute teacher who drifts from classroom to classroom finds a connection to the students and teachers during his latest assignment.
744,Midnight in Paris,"Comedy, Fantasy, Romance","While on a trip to Paris with his fiancée's family, a nostalgic screenwriter finds himself mysteriously going back to the 1920s every day at midnight."
745,The Lego Movie,"Animation, Action, Adventure","An ordinary LEGO construction worker, thought to be the prophesied as ""special"", is recruited to join a quest to stop an evil tyrant from gluing the LEGO universe into eternal stasis."
746,Gravity,"Drama, Sci-Fi, Thriller",Two astronauts work together to survive after an accident leaves them stranded in space.
747,Star Trek Into Darkness,"Action, Adventure, Sci-Fi","After the crew of the Enterprise find an unstoppable force of terror from within their own organization, Captain Kirk leads a manhunt to a war-zone world to capture a one-man weapon of mass destruction."
748,Beasts of No Nation,"Drama, War","A drama based on the experiences of Agu, a child soldier fighting in the civil war of an unnamed African country."
749,The Social Network,"Biography, Drama","As Harvard student Mark Zuckerberg creates the social networking site that would become known as Facebook, he is sued by the twins who claimed he stole their idea, and by the co-founder who was later squeezed out of the business."
750,X: First Class,"Action, Adventure, Sci-Fi","In the 1960s, superpowered humans Charles Xavier and Erik Lensherr work together to find others like them, but Erik's vengeful pursuit of an ambitious mutant who ruined his life causes a schism to divide them."
751,The Hangover,Comedy,"Three buddies wake up from a bachelor party in Las Vegas, with no memory of the previous night and the bachelor missing. They make their way around the city in order to find their friend before his wedding."
752,Skyfall,"Action, Adventure, Thriller","James Bond's loyalty to M is tested when her past comes back to haunt her. When MI6 comes under attack, 007 must track down and destroy the threat, no matter how personal the cost."
753,Silver Linings Playbook,"Comedy, Drama, Romance","After a stint in a mental institution, former teacher Pat Solitano moves back in with his parents and tries to reconcile with his ex-wife. Things get more challenging when Pat meets Tiffany, a mysterious girl with problems of her own."
754,Argo,"Biography, Drama, Thriller","Acting under the cover of a Hollywood producer scouting a location for a science fiction film, a CIA agent launches a dangerous operation to rescue six Americans in Tehran during the U.S. hostage crisis in Iran in 1979."
755,(500) Days of Summer,"Comedy, Drama, Romance","An offbeat romantic comedy about a woman who doesn't believe true love exists, and the young man who falls for her."
756,Harry Potter and the Deathly Hallows: Part 1,"Adventure, Family, Fantasy","As Harry, Ron, and Hermione race against time and evil to destroy the Horcruxes, they uncover the existence of the three most powerful objects in the wizarding world: the Deathly Hallows."
757,Gake no ue no Ponyo,"Animation, Adventure, Comedy","A five-year-old boy develops a relationship with Ponyo, a young goldfish princess who longs to become a human after falling in love with him."
758,Frost/Nixon,"Biography, Drama, History",A dramatic retelling of the post-Watergate television interviews between British talk-show host David Frost and former president Richard Nixon.
759,Papurika,"Animation, Drama, Fantasy","When a machine that allows therapists to enter their patients' dreams is stolen, all Hell breaks loose. Only a young female therapist, Paprika, can stop it."
760,Changeling,"Biography, Crime, Drama",Grief-stricken mother Christine Collins (Angelina Jolie) takes on the L.A.P.D. to her own detriment when it tries to pass off an obvious impostor as her missing child.
761,Flipped,"Comedy, Drama, Romance",Two eighth-graders start to have feelings for each other despite being total opposites.
762,Toki o kakeru shôjo,"Animation, Adventure, Comedy","A high-school girl named Makoto acquires the power to travel back in time, and decides to use it for her own personal benefits. Little does she know that she is affecting the lives of others just as much as she is her own."
763,Death Note: Desu nôto,"Crime, Drama, Fantasy","A battle between the world's two greatest minds begins when Light Yagami finds the Death Note, a notebook with the power to kill, and decides to rid the world of criminals."
764,This Is England,"Crime, Drama","A young boy becomes friends with a gang of skinheads. Friends soon become like family, and relationships will be pushed to the very limit."
765,Ex Machina,"Drama, Sci-Fi, Thriller",A young programmer is selected to participate in a ground-breaking experiment in synthetic intelligence by evaluating the human qualities of a highly advanced humanoid A.I.
766,Efter brylluppet,Drama,"A manager of an orphanage in India is sent to Copenhagen, Denmark, where he discovers a life-altering family secret."
767,The Last King of Scotland,"Biography, Drama, History",Based on the events of the brutal Ugandan dictator Idi Amin's regime as seen by his personal physician during the 1970s.
768,Zodiac,"Crime, Drama, Mystery","In the late 1960s/early 1970s, a San Francisco cartoonist becomes an amateur detective obsessed with tracking down the Zodiac Killer, an unidentified individual who terrorizes Northern California with a killing spree."
769,Lucky Number Slevin,"Action, Crime, Drama","A case of mistaken identity lands Slevin into the middle of a war being plotted by two of the city's most rival crime bosses. Under constant surveillance by Detective Brikowski and assassin Goodkat, he must get them before they get him."
770,Joyeux Noël,"Drama, History, Music","In December 1914, an unofficial Christmas truce on the Western Front allows soldiers from opposing sides of the First World War to gain insight into each other's way of life."
771,Control,"Biography, Drama, Music","A profile of Ian Curtis, the enigmatic singer of Joy Division whose personal, professional, and romantic troubles led him to commit suicide at the age of 23."
772,Tangled,"Animation, Adventure, Comedy","The magically long-haired Rapunzel has spent her entire life in a tower, but now that a runaway thief has stumbled upon her, she is about to discover the world for the first time, and who she really is."
773,Zwartboek,"Drama, Thriller, War","In the Nazi-occupied Netherlands during World War II, a Jewish singer infiltrates the regional Gestapo headquarters for the Dutch resistance."
774,Brokeback Mountain,"Drama, Romance","The story of a forbidden and secretive relationship between two cowboys, and their lives over the years."
775,3:10 to Yuma,"Action, Crime, Drama",A small-time rancher agrees to hold a captured outlaw who's awaiting a train to go to court in Yuma. A battle of wills ensues as the outlaw tries to psych out the rancher.
776,Crash,"Crime, Drama, Thriller","Los Angeles citizens with vastly separate lives collide in interweaving stories of race, loss and redemption."
777,Kung fu,"Action, Comedy, Fantasy","In Shanghai, China in the 1940s, a wannabe gangster aspires to join the notorious ""Axe Gang"" while residents of a housing complex exhibit extraordinary powers in defending their turf."
778,The Bourne Supremacy,"Action, Mystery, Thriller","When Jason Bourne is framed for a CIA operation gone awry, he is forced to resume his former life as a trained assassin to survive."
779,The Machinist,"Drama, Thriller",An industrial worker who hasn't slept in a year begins to doubt his own sanity.
780,Ray,"Biography, Drama, Music","The story of the life and career of the legendary rhythm and blues musician Ray Charles, from his humble beginnings in the South, where he went blind at age seven, to his meteoric rise to stardom during the 1950s and 1960s."
781,Lost in Translation,"Comedy, Drama",A faded movie star and a neglected young woman form an unlikely bond after crossing paths in Tokyo.
782,Harry Potter and the Goblet of Fire,"Adventure, Family, Fantasy","Harry Potter finds himself competing in a hazardous tournament between rival schools of magic, but he is distracted by recurring nightmares."
783,Man on Fire,"Action, Crime, Drama","In Mexico City, a former CIA operative swears vengeance on those who committed an unspeakable act against the family he was hired to protect."
784,Coraline,"Animation, Drama, Family","An adventurous 11-year-old girl finds another world that is a strangely idealized version of her frustrating home, but it has sinister secrets."
785,The Last Samurai,"Action, Drama",An American military advisor embraces the Samurai culture he was hired to destroy after he is captured in battle.
786,The Magdalene Sisters,Drama,Three young Irish women struggle to maintain their spirits while they endure dehumanizing abuse as inmates of a Magdalene Sisters Asylum.
787,Good Bye Lenin!,"Comedy, Drama, Romance","In 1990, to protect his fragile mother from a fatal shock after a long coma, a young man must keep her from learning that her beloved nation of East Germany as she knew it has disappeared."
788,In America,Drama,A family of Irish immigrants adjust to life on the mean streets of Hell's Kitchen while also grieving the death of a child.
789,I Am Sam,Drama,A mentally handicapped man fights for custody of his 7-year-old daughter and in the process teaches his cold-hearted lawyer the value of love and family.
790,Adaptation.,"Comedy, Drama",A lovelorn screenwriter becomes desperate as he tries and fails to adapt 'The Orchid Thief' by Susan Orlean for the screen.
791,Black Hawk Down,"Drama, History, War",160 elite U.S. soldiers drop into Somalia to capture two top lieutenants of a renegade warlord and find themselves in a desperate battle with a large force of heavily-armed Somalis.
792,Road to Perdition,"Crime, Drama, Thriller","A mob enforcer's son witnesses a murder, forcing him and his father to take to the road, and his father down a path of redemption and revenge."
793,Das Experiment,"Drama, Thriller","For two weeks, 20 male participants are hired to play prisoners and guards in a prison. The ""prisoners"" have to follow seemingly mild rules, and the ""guards"" are told to retain order without using physical violence."
794,Billy Elliot,"Drama, Music",A talented young boy becomes torn between his unexpected love of dance and the disintegration of his family.
795,Hedwig and the Angry Inch,"Comedy, Drama, Music",A gender-queer punk-rock singer from East Berlin tours the U.S. with her band as she tells her life story and follows the former lover/band-mate who stole her songs.
796,Ocean's Eleven,"Crime, Thriller",Danny Ocean and his ten accomplices plan to rob three Las Vegas casinos simultaneously.
797,Vampire Hunter D: Bloodlust,"Animation, Action, Fantasy","When a girl is abducted by a vampire, a legendary bounty hunter is hired to bring her back."
798,"O Brother, Where Art Thou?","Adventure, Comedy, Crime","In the deep south during the 1930s, three escaped convicts search for hidden treasure while a relentless lawman pursues them."
799,Interstate 60: Episodes of the Road,"Adventure, Comedy, Drama","Neal Oliver, a very confused young man and an artist, takes a journey of a lifetime on a highway I60 that doesn't exist on any of the maps, going to the places he never even heard of, searching for an answer and his dreamgirl."
800,"South Park: Bigger, Longer & Uncut","Animation, Comedy, Fantasy","When Stan Marsh and his friends go see an R-rated movie, they start cursing and their parents think that Canada is to blame."
801,Office Space,Comedy,Three company workers who hate their jobs decide to rebel against their greedy boss.
802,Happiness,"Comedy, Drama","The lives of several individuals intertwine as they go about their lives in their own unique ways, engaging in acts society as a whole might find disturbing in a desperate search for human connection."
803,Training Day,"Crime, Drama, Thriller",A rookie cop spends his first day as a Los Angeles narcotics officer with a rogue detective who isn't what he appears to be.
804,Rushmore,"Comedy, Drama, Romance",The extracurricular king of Rushmore Preparatory School is put on academic probation.
805,Abre los ojos,"Drama, Mystery, Sci-Fi","A very handsome man finds the love of his life, but he suffers an accident and needs to have his face rebuilt by surgery after it is severely disfigured."
806,Being John Malkovich,"Comedy, Drama, Fantasy",A puppeteer discovers a portal that leads literally into the head of movie star John Malkovich.
807,As Good as It Gets,"Comedy, Drama, Romance","A single mother and waitress, a misanthropic author, and a gay artist form an unlikely friendship after the artist is assaulted in a robbery."
808,The Fifth Element,"Action, Adventure, Sci-Fi","In the colorful future, a cab driver unwittingly becomes the central figure in the search for a legendary cosmic weapon to keep Evil and Mr. Zorg at bay."
809,Le dîner de cons,Comedy,"A few friends have a weekly fools' dinner, where each brings a fool along. Pierre finds a champion fool for next dinner. Surprise."
810,Donnie Brasco,"Biography, Crime, Drama","An FBI undercover agent infiltrates the mob and finds himself identifying more with the mafia life, at the expense of his regular one."
811,Shine,"Biography, Drama, Music","Pianist David Helfgott, driven by his father and teachers, has a breakdown. Years later he returns to the piano, to popular if not critical acclaim."
812,Primal Fear,"Crime, Drama, Mystery","An altar boy is accused of murdering a priest, and the truth is buried several layers deep."
813,Hamlet,Drama,"Hamlet, Prince of Denmark, returns home to find his father murdered and his mother remarrying the murderer, his uncle. Meanwhile, war is brewing."
814,A Little Princess,"Drama, Family, Fantasy",A young girl is relegated to servitude at a boarding school when her father goes missing and is presumed dead.
815,Do lok tin si,"Comedy, Crime, Drama","This Hong Kong-set crime drama follows the lives of a hitman, hoping to get out of the business, and his elusive female partner."
816,Il postino,"Biography, Comedy, Drama","A simple Italian postman learns to love poetry while delivering mail to a famous poet, and then uses this to woo local beauty Beatrice."
817,Clerks,Comedy,"A day in the lives of two convenience clerks named Dante and Randal as they annoy customers, discuss movies, and play hockey on the store roof."
818,Short Cuts,"Comedy, Drama",The day-to-day lives of several suburban Los Angeles residents.
819,Philadelphia,Drama,"When a man with HIV is fired by his law firm because of his condition, he hires a homophobic small time lawyer as the only willing advocate for a wrongful dismissal suit."
820,The Muppet Christmas Carol,"Comedy, Drama, Family",The Muppet characters tell their version of the classic tale of an old and bitter miser's redemption on Christmas Eve.
821,Malcolm X,"Biography, Drama, History","Biographical epic of the controversial and influential Black Nationalist leader, from his early life and career as a small-time gangster, to his ministry as a member of the Nation of Islam."
822,The Last of the Mohicans,"Action, Adventure, Drama",Three trappers protect the daughters of a British Colonel in the midst of the French and Indian War.
823,Kurenai no buta,"Animation, Adventure, Comedy","In 1930s Italy, a veteran World War I pilot is cursed to look like an anthropomorphic pig."
824,Glengarry Glen Ross,"Crime, Drama, Mystery",An examination of the machinations behind the scenes at a real estate office.
825,A Few Good Men,"Drama, Thriller",Military lawyer Lieutenant Daniel Kaffee defends Marines accused of murder. They contend they were acting under orders.
826,Fried Green Tomatoes,Drama,A housewife who is unhappy with her life befriends an old lady in a nursing home and is enthralled by the tales she tells of people she used to know.
827,Barton Fink,"Comedy, Drama, Thriller",A renowned New York playwright is enticed to California to write for the movies and discovers the hellish truth of Hollywood.
828,Miller's Crossing,"Crime, Drama, Thriller","Tom Reagan, an advisor to a Prohibition-era crime boss, tries to keep the peace between warring mobs but gets caught in divided loyalties."
829,Who Framed Roger Rabbit,"Animation, Adventure, Comedy",A toon-hating detective is a cartoon rabbit's only hope to prove his innocence when he is accused of murder.
830,Spoorloos,"Mystery, Thriller","Rex and Saskia, a young couple in love, are on vacation. They stop at a busy service station and Saskia is abducted. After three years and no sign of Saskia, Rex begins receiving letters from the abductor."
831,Withnail & I,"Comedy, Drama","In 1969, two substance-abusing, unemployed actors retreat to the countryside for a holiday that proves disastrous."
832,The Last Emperor,"Biography, Drama, History",The story of the final Emperor of China.
833,Empire of the Sun,"Action, Drama, History",A young English boy struggles to survive under Japanese occupation during World War II.
834,Der Name der Rose,"Crime, Drama, Mystery",An intellectually nonconformist friar investigates a series of mysterious deaths in an isolated abbey.
835,Blue Velvet,"Drama, Mystery, Thriller","The discovery of a severed human ear found in a field leads a young man on an investigation related to a beautiful, mysterious nightclub singer and a group of psychopathic criminals who have kidnapped her child."
836,The Purple Rose of Cairo,"Comedy, Fantasy, Romance","In New Jersey in 1935, a movie character walks off the screen and into the real world."
837,After Hours,"Comedy, Crime, Drama",An ordinary word processor has the worst night of his life after he agrees to visit a girl in Soho who he met that evening at a coffee shop.
838,Zelig,Comedy,"""Documentary"" about a man who can look and act like whoever he's around, and meets various famous people."
839,The Verdict,Drama,A lawyer sees the chance to salvage his career and self-respect by taking a medical malpractice case to trial rather than settling.
840,Star Trek II: The Wrath of Khan,"Action, Adventure, Sci-Fi","With the assistance of the Enterprise crew, Admiral Kirk must stop an old nemesis, Khan Noonien Singh, from using the life-generating Genesis Device as the ultimate weapon."
841,First Blood,"Action, Adventure",A veteran Green Beret is forced by a cruel Sheriff and his deputies to flee into the mountains and wage an escalating one-man war against his pursuers.
842,Ordinary People,Drama,"The accidental death of the older son of an affluent family deeply strains the relationships among the bitter mother, the good-natured father, and the guilt-ridden younger son."
843,Airplane!,Comedy,A man afraid to fly must ensure that a plane lands safely after the pilots become sick.
844,Rupan sansei: Kariosutoro no shiro,"Animation, Adventure, Family","A dashing thief, his gang of desperadoes and an intrepid policeman struggle to free a princess from an evil count's clutches, and learn the hidden secret to a fabulous treasure that she holds part of a key to."
845,Halloween,"Horror, Thriller","Fifteen years after murdering his sister on Halloween night 1963, Michael Myers escapes from a mental hospital and returns to the small town of Haddonfield, Illinois to kill again."
846,Le locataire,"Drama, Thriller",A bureaucrat rents a Paris apartment where he finds himself drawn into a rabbit hole of dangerous paranoia.
847,Love and Death,"Comedy, War","In czarist Russia, a neurotic soldier and his distant cousin formulate a plot to assassinate Napoleon."
848,The Taking of Pelham One Two Three,"Action, Crime, Thriller","In New York, armed men hijack a subway car and demand a ransom for the passengers. Even if it's paid, how could they get away?"
849,Blazing Saddles,"Comedy, Western","In order to ruin a western town, a corrupt politician appoints a black Sheriff, who promptly becomes his most formidable adversary."
850,Serpico,"Biography, Crime, Drama",An honest New York cop named Frank Serpico blows the whistle on rampant corruption in the force only to have his comrades turn against him.
851,Enter the Dragon,"Action, Crime, Drama",A secret agent comes to an opium lord's island fortress with other fighters for a martial-arts tournament.
852,Deliverance,"Adventure, Drama, Thriller","Intent on seeing the Cahulawassee River before it's dammed and turned into a lake, outdoor fanatic Lewis Medlock takes his friends on a canoeing trip they'll never forget into the dangerous American back-country."
853,The French Connection,"Action, Crime, Drama",A pair of NYC cops in the Narcotics Bureau stumble onto a drug smuggling job with a French connection.
854,Dirty Harry,"Action, Crime, Thriller","When a madman calling himself ""the Scorpio Killer"" menaces the city, tough-as-nails San Francisco Police Inspector ""Dirty"" Harry Callahan is assigned to track down and ferret out the crazed psychopath."
855,Where Eagles Dare,"Action, Adventure, War","Allied agents stage a daring raid on a castle where the Nazis are holding American brigadier general George Carnaby prisoner, but that's not all that's really going on."
856,The Odd Couple,Comedy,"Two friends try sharing an apartment, but their ideas of housekeeping and lifestyles are as different as night and day."
857,The Dirty Dozen,"Action, Adventure, War","During World War II, a rebellious U.S. Army Major is assigned a dozen convicted murderers to train and lead them into a mass assassination mission of German officers."
858,Belle de jour,"Drama, Romance",A frigid young housewife decides to spend her midweek afternoons as a prostitute.
859,A Man for All Seasons,"Biography, Drama, History","The story of Sir Thomas More, who stood up to King Henry VIII when the King rejected the Roman Catholic Church to obtain a divorce and remarry."
860,Repulsion,"Drama, Horror, Thriller",A sex-repulsed woman who disapproves of her sister's boyfriend sinks into depression and has horrific visions of rape and violence.
861,Zulu,"Drama, History, War",Outnumbered British soldiers do battle with Zulu warriors at Rorke's Drift.
862,Goldfinger,"Action, Adventure, Thriller","While investigating a gold magnate's smuggling, James Bond uncovers a plot to contaminate the Fort Knox gold reserve."
863,The Birds,"Drama, Horror, Mystery",A wealthy San Francisco socialite pursues a potential boyfriend to a small Northern California town that slowly takes a turn for the bizarre when birds of all kinds suddenly begin to attack people.
864,Cape Fear,"Drama, Thriller",A lawyer's family is stalked by a man he once helped put in jail.
865,Peeping Tom,"Drama, Horror, Thriller","A young man murders women, using a movie camera to film their dying expressions of terror."
866,The Magnificent Seven,"Action, Adventure, Western",Seven gunfighters are hired by Mexican peasants to liberate their village from oppressive bandits.
867,Les yeux sans visage,"Drama, Horror","A surgeon causes an accident which leaves his daughter disfigured, and goes to extremes to give her a new face."
868,Invasion of the Body Snatchers,"Drama, Horror, Sci-Fi",A small-town doctor learns that the population of his community is being replaced by emotionless alien duplicates.
869,Rebel Without a Cause,Drama,"A rebellious young man with a troubled past comes to a new town, finding friends and enemies."
870,The Ladykillers,"Comedy, Crime",Five oddball criminals planning a bank robbery rent rooms on a cul-de-sac from an octogenarian widow under the pretext that they are classical musicians.
871,Sabrina,"Comedy, Drama, Romance","A playboy becomes interested in the daughter of his family's chauffeur, but it's his more serious brother who would be the better man for her."
872,The Quiet Man,"Comedy, Drama, Romance","A retired American boxer returns to the village of his birth in Ireland, where he falls for a spirited redhead whose brother is contemptuous of their union."
873,The Day the Earth Stood Still,"Drama, Sci-Fi",An alien lands and tells the people of Earth that they must live peacefully or be destroyed as a danger to other planets.
874,The African Queen,"Adventure, Drama, Romance","In WWI Africa, a gin-swilling riverboat captain is persuaded by a strait-laced missionary to use his boat to attack an enemy warship."
875,Gilda,"Drama, Film-Noir, Romance",A small-time gambler hired to work in a Buenos Aires casino discovers his employer's new wife is his former lover.
876,Fantasia,"Animation, Family, Fantasy",A collection of animated interpretations of great works of Western classical music.
877,The Invisible Man,"Horror, Sci-Fi","A scientist finds a way of becoming invisible, but in doing so, he becomes murderously insane."
878,Dark Waters,"Biography, Drama, History",A corporate defense attorney takes on an environmental lawsuit against a chemical company that exposes a lengthy history of pollution.
879,Searching,"Drama, Mystery, Thriller","After his teenage daughter goes missing, a desperate father tries to find clues on her laptop."
880,Once Upon a Time... in Hollywood,"Comedy, Drama",A faded television actor and his stunt double strive to achieve fame and success in the final years of Hollywood's Golden Age in 1969 Los Angeles.
881,Nelyubov,Drama,A couple going through a divorce must team up to find their son who has disappeared during one of their bitter arguments.
882,The Florida Project,Drama,"Set over one summer, the film follows precocious six-year-old Moonee as she courts mischief and adventure with her ragtag playmates and bonds with her rebellious but caring mother, all while living in the shadows of Walt Disney World."
883,Just Mercy,"Biography, Crime, Drama",World-renowned civil rights defense attorney Bryan Stevenson works to free a wrongly condemned death row prisoner.
884,Gifted,Drama,"Frank, a single man raising his child prodigy niece Mary, is drawn into a custody battle with his mother."
885,The Peanut Butter Falcon,"Adventure, Comedy, Drama",Zak runs away from his care home to make his dream of becoming a wrestler come true.
886,Victoria,"Crime, Drama, Romance",A young Spanish woman who has recently moved to Berlin finds her flirtation with a local guy turn potentially deadly as their night out with his friends reveals a dangerous secret.
887,Mustang,Drama,"When five orphan girls are seen innocently playing with boys on a beach, their scandalized conservative guardians confine them while forced marriages are arranged."
888,Guardians of the Galaxy Vol. 2,"Action, Adventure, Comedy","The Guardians struggle to keep together as a team while dealing with their personal family issues, notably Star-Lord's encounter with his father the ambitious celestial being Ego."
889,Baby Driver,"Action, Crime, Drama","After being coerced into working for a crime boss, a young getaway driver finds himself taking part in a heist doomed to fail."
890,Only the Brave,"Action, Biography, Drama","Based on the true story of the Granite Mountain Hotshots, a group of elite firefighters who risk everything to protect a town from a historic wildfire."
891,Bridge of Spies,"Drama, History, Thriller","During the Cold War, an American lawyer is recruited to defend an arrested Soviet spy in court, and then help the CIA facilitate an exchange of the spy for the Soviet captured American U2 spy plane pilot, Francis Gary Powers."
892,Incredibles 2,"Animation, Action, Adventure",The Incredibles family takes on a new mission which involves a change in family roles: Bob Parr (Mr. Incredible) must manage the house while his wife Helen (Elastigirl) goes out to save the world.
893,Moana,"Animation, Adventure, Comedy","In Ancient Polynesia, when a terrible curse incurred by the Demigod Maui reaches Moana's island, she answers the Ocean's call to seek out the Demigod to set things right."
894,Sicario,"Action, Crime, Drama",An idealistic FBI agent is enlisted by a government task force to aid in the escalating war against drugs at the border area between the U.S. and Mexico.
895,Creed,"Drama, Sport","The former World Heavyweight Champion Rocky Balboa serves as a trainer and mentor to Adonis Johnson, the son of his late friend and former rival Apollo Creed."
896,Leviafan,"Crime, Drama","In a Russian coastal town, Kolya is forced to fight the corrupt mayor when he is told that his house will be demolished. He recruits a lawyer friend to help, but the man's arrival brings further misfortune for Kolya and his family."
897,Hell or High Water,"Action, Crime, Drama",A divorced father and his ex-con older brother resort to a desperate scheme in order to save their family's ranch in West Texas.
898,Philomena,"Biography, Comedy, Drama","A world-weary political journalist picks up the story of a woman's search for her son, who was taken away from her decades ago after she became pregnant and was forced to live in a convent."
899,Dawn of the Planet of the Apes,"Action, Adventure, Drama",A growing nation of genetically evolved apes led by Caesar is threatened by a band of human survivors of the devastating virus unleashed a decade earlier.
900,El cuerpo,"Mystery, Thriller",A detective searches for the body of a femme fatale which has gone missing from a morgue.
901,Serbuan maut,"Action, Thriller",A S.W.A.T. team becomes trapped in a tenement run by a ruthless mobster and his army of killers and thugs.
902,End of Watch,"Action, Crime, Drama","Shot documentary-style, this film follows the daily grind of two young police officers in LA who are partners and friends, and what happens when they meet criminal forces greater than themselves."
903,Kari-gurashi no Arietti,"Animation, Adventure, Family","The Clock family are four-inch-tall people who live anonymously in another family's residence, borrowing simple items to make their home. Life changes for the Clocks when their teenage daughter, Arrietty, is discovered."
904,A Star Is Born,"Drama, Music, Romance",A musician helps a young singer find fame as age and alcoholism send his own career into a downward spiral.
905,True Grit,"Drama, Western",A stubborn teenager enlists the help of a tough U.S. Marshal to track down her father's murderer.
906,Hævnen,"Drama, Romance","The lives of two Danish families cross each other, and an extraordinary but risky friendship comes into bud. But loneliness, frailty and sorrow lie in wait."
907,Despicable Me,"Animation, Comedy, Crime","When a criminal mastermind uses a trio of orphan girls as pawns for a grand scheme, he finds their love is profoundly changing him for the better."
908,50/50,"Comedy, Drama, Romance","Inspired by a true story, a comedy centered on a 27-year-old guy who learns of his cancer diagnosis and his subsequent struggle to beat the disease."
909,Kick-Ass,"Action, Comedy, Crime","Dave Lizewski is an unnoticed high school student and comic book fan who one day decides to become a superhero, even though he has no powers, training or meaningful reason to do so."
910,Celda 211,"Action, Adventure, Crime","The story of two men on different sides of a prison riot -- the inmate leading the rebellion and the young guard trapped in the revolt, who poses as a prisoner in a desperate attempt to survive the ordeal."
911,Moneyball,"Biography, Drama, Sport",Oakland A's general manager Billy Beane's successful attempt to assemble a baseball team on a lean budget by employing computer-generated analysis to acquire new players.
912,La piel que habito,"Drama, Horror, Thriller","A brilliant plastic surgeon, haunted by past tragedies, creates a type of synthetic skin that withstands any kind of damage. His guinea pig: a mysterious and volatile woman who holds the key to his obsession."
913,Zombieland,"Adventure, Comedy, Fantasy","A shy student trying to reach his family in Ohio, a gun-toting tough guy trying to find the last Twinkie, and a pair of sisters trying to get to an amusement park join forces to travel across a zombie-filled America."
914,Die Welle,"Drama, Thriller",A high school teacher's experiment to demonstrate to his students what life is like under a dictatorship spins horribly out of control when he forms a social unit with a life of its own.
915,Sherlock Holmes,"Action, Adventure, Mystery",Detective Sherlock Holmes and his stalwart partner Watson engage in a battle of wits and brawn with a nemesis whose plot is a threat to all of England.
916,The Blind Side,"Biography, Drama, Sport","The story of Michael Oher, a homeless and traumatized boy who became an All-American football player and first-round NFL draft pick with the help of a caring woman and her family."
917,The Visitor,Drama,A college professor travels to New York City to attend a conference and finds a young couple living in his apartment.
918,Seven Pounds,Drama,A man with a fateful secret embarks on an extraordinary journey of redemption by forever changing the lives of seven strangers.
919,Eastern Promises,"Action, Crime, Drama",A teenager who dies during childbirth leaves clues in her journal that could tie her child to a rape involving a violent Russian mob family.
920,Stardust,"Adventure, Family, Fantasy","In a countryside town bordering on a magical land, a young man makes a promise to his beloved that he'll retrieve a fallen star by venturing into the magical realm."
921,The Secret of Kells,"Animation, Adventure, Family","A young boy in a remote medieval outpost under siege from barbarian raids is beckoned to adventure when a celebrated master illuminator arrives with an ancient book, brimming with secret wisdom and powers."
922,Inside Man,"Crime, Drama, Mystery","A police detective, a bank robber, and a high-power broker enter high-stakes negotiations after the criminal's brilliant heist spirals into a hostage situation."
923,Gone Baby Gone,"Crime, Drama, Mystery","Two Boston area detectives investigate a little girl's kidnapping, which ultimately turns into a crisis both professionally and personally."
924,La Vie En Rose,"Biography, Drama, Music","Biopic of the iconic French singer Édith Piaf. Raised by her grandmother in a brothel, she was discovered while singing on a street corner at the age of 19. Despite her success, Piaf's life was filled with tragedy."
925,Huo Yuan Jia,"Action, Biography, Drama","A biography of Chinese Martial Arts Master Huo Yuanjia, who is the founder and spiritual guru of the Jin Wu Sports Federation."
926,The Illusionist,"Drama, Fantasy, Mystery","In turn-of-the-century Vienna, a magician uses his abilities to secure the love of a woman far above his social standing."
927,Dead Man's Shoes,"Crime, Drama, Thriller",A disaffected soldier returns to his hometown to get even with the thugs who brutalized his mentally-challenged brother years ago.
928,Harry Potter and the Half-Blood Prince,"Action, Adventure, Family","As Harry Potter begins his sixth year at Hogwarts, he discovers an old book marked as ""the property of the Half-Blood Prince"" and begins to learn more about Lord Voldemort's dark past."
929,300,"Action, Drama",King Leonidas of Sparta and a force of 300 men fight the Persians at Thermopylae in 480 B.C.
930,Match Point,"Drama, Romance, Thriller","At a turning point in his life, a former tennis pro falls for an actress who happens to be dating his friend and soon-to-be brother-in-law."
931,Watchmen,"Action, Drama, Mystery","In 1985 where former superheroes exist, the murder of a colleague sends active vigilante Rorschach into his own sprawling investigation, uncovering something that could completely change the course of history as we know it."
932,Lord of War,"Action, Crime, Drama",An arms dealer confronts the morality of his work as he is being chased by an INTERPOL Agent.
933,Saw,"Horror, Mystery, Thriller","Two strangers awaken in a room with no recollection of how they got there, and soon discover they're pawns in a deadly game perpetrated by a notorious serial killer."
934,"Synecdoche, New York",Drama,"A theatre director struggles with his work, and the women in his life, as he creates a life-size replica of New York City inside a warehouse as part of his new play."
935,Mysterious Skin,Drama,"A teenage hustler and a young man obsessed with alien abductions cross paths, together discovering a horrible, liberating truth."
936,Jeux d'enfants,"Comedy, Drama, Romance","As adults, best friends Julien and Sophie continue the odd game they started as children -- a fearless competition to outdo one another with daring and outrageous stunts. While they often act out to relieve one another's pain, their game might be a way to avoid the fact that they are truly meant for one another."
937,Un long dimanche de fiançailles,"Drama, Mystery, Romance","Tells the story of a young woman's relentless search for her fiancé, who has disappeared from the trenches of the Somme during World War One."
938,The Station Agent,"Comedy, Drama","When his only friend dies, a man born with dwarfism moves to rural New Jersey to live a life of solitude, only to meet a chatty hot dog vendor and a woman dealing with her own personal loss."
939,21 Grams,"Crime, Drama, Thriller","A freak accident brings together a critically ill mathematician, a grieving mother, and a born-again ex-con."
940,Boksuneun naui geot,"Crime, Drama, Thriller","A recently laid off factory worker kidnaps his former boss' friend's daughter, hoping to use the ransom money to pay for his sister's kidney transplant."
941,Finding Neverland,"Biography, Drama, Family",The story of Sir J.M. Barrie's friendship with a family who inspired him to create Peter Pan.
942,25th Hour,Drama,"Cornered by the DEA, convicted New York drug dealer Montgomery Brogan reevaluates his life in the 24 remaining hours before facing a seven-year jail term."
943,The Butterfly Effect,"Drama, Sci-Fi, Thriller","Evan Treborn suffers blackouts during significant events of his life. As he grows up, he finds a way to remember these lost memories and a supernatural way to alter his life by reading his journal."
944,28 Days Later...,"Drama, Horror, Sci-Fi","Four weeks after a mysterious, incurable virus spreads throughout the UK, a handful of survivors try to find sanctuary."
945,Batoru rowaiaru,"Action, Adventure, Drama","In the future, the Japanese government captures a class of ninth-grade students and forces them to kill each other under the revolutionary ""Battle Royale"" act."
946,The Royal Tenenbaums,"Comedy, Drama",The eccentric members of a dysfunctional family reluctantly gather under the same roof for various reasons.
947,Y tu mamá también,Drama,"In Mexico, two teenage boys and an attractive older woman embark on a road trip and learn a thing or two about life, friendship, sex, and each other."
948,Harry Potter and the Sorcerer's Stone,"Adventure, Family, Fantasy","An orphaned boy enrolls in a school of wizardry, where he learns the truth about himself, his family and the terrible evil that haunts the magical world."
949,The Others,"Horror, Mystery, Thriller",A woman who lives in her darkened old family house with her two photosensitive children becomes convinced that the home is haunted.
950,Blow,"Biography, Crime, Drama","The story of how George Jung, along with the Medellín Cartel headed by Pablo Escobar, established the American cocaine market in the 1970s in the United States."
951,Enemy at the Gates,"Drama, History, War",A Russian and a German sniper play a game of cat-and-mouse during the Battle of Stalingrad.
952,Minority Report,"Action, Crime, Mystery","In a future where a special police unit is able to arrest murderers before they commit their crimes, an officer from that unit is himself accused of a future murder."
953,The Hurricane,"Biography, Drama, Sport","The story of Rubin 'Hurricane' Carter, a boxer wrongly imprisoned for murder, and the people who aided in his fight to prove his innocence."
954,American Psycho,"Comedy, Crime, Drama","A wealthy New York City investment banking executive, Patrick Bateman, hides his alternate psychopathic ego from his co-workers and friends as he delves deeper into his violent, hedonistic fantasies."
955,Lola rennt,"Crime, Drama, Thriller","After a botched money delivery, Lola has 20 minutes to come up with 100,000 Deutschmarks."
956,The Thin Red Line,"Drama, War","Adaptation of James Jones' autobiographical 1962 novel, focusing on the conflict at Guadalcanal during the second World War."
957,Mulan,"Animation, Adventure, Family","To save her father from death in the army, a young maiden secretly goes in his place and becomes one of China's greatest heroines in the process."
958,Fear and Loathing in Las Vegas,"Adventure, Comedy, Drama",An oddball journalist and his psychopathic lawyer travel to Las Vegas for a series of psychedelic escapades.
959,Funny Games,"Crime, Drama, Thriller","Two violent young men take a mother, father, and son hostage in their vacation cabin and force them to play sadistic ""games"" with one another for their own amusement."
960,Dark City,"Mystery, Sci-Fi, Thriller","A man struggles with memories of his past, which include a wife he cannot remember and a nightmarish world no one else ever seems to wake up from."
961,Sleepers,"Crime, Drama, Thriller","After a prank goes disastrously wrong, a group of boys are sent to a detention center where they are brutalized. Thirteen years later, an unexpected random encounter with a former guard gives them a chance for revenge."
962,Lost Highway,"Mystery, Thriller","Anonymous videotapes presage a musician's murder conviction, and a gangster's girlfriend leads a mechanic astray."
963,Sense and Sensibility,"Drama, Romance","Rich Mr. Dashwood dies, leaving his second wife and her three daughters poor by the rules of inheritance. The two eldest daughters are the title opposites."
964,Die Hard: With a Vengeance,"Action, Adventure, Thriller","John McClane and a Harlem store owner are targeted by German terrorist Simon in New York City, where he plans to rob the Federal Reserve Building."
965,Dead Man,"Adventure, Drama, Fantasy","On the run after murdering a man, accountant William Blake encounters a strange aboriginal American man named Nobody who prepares him for his journey into the spiritual world."
966,The Bridges of Madison County,"Drama, Romance",Photographer Robert Kincaid wanders into the life of housewife Francesca Johnson for four days in the 1960s.
967,Apollo 13,"Adventure, Drama, History",NASA must devise a strategy to return Apollo 13 to Earth safely after the spacecraft undergoes massive internal damage putting the lives of the three astronauts on board in jeopardy.
968,Trois couleurs: Blanc,"Comedy, Drama, Romance","After his wife divorces him, a Polish immigrant plots to get even with her."
969,Falling Down,"Action, Crime, Drama",An ordinary man frustrated with the various flaws he sees in society begins to psychotically and violently lash out against them.
970,Dazed and Confused,Comedy,The adventures of high school and junior high students on the last day of school in May 1976.
971,My Cousin Vinny,"Comedy, Crime","Two New Yorkers accused of murder in rural Alabama while on their way back to college call in the help of one of their cousins, a loudmouth lawyer with no trial experience."
972,Omohide poro poro,"Animation, Drama, Romance",A twenty-seven-year-old office worker travels to the countryside while reminiscing about her childhood in Tokyo.
973,Delicatessen,"Comedy, Crime",Post-apocalyptic surrealist black comedy about the landlord of an apartment building who occasionally prepares a delicacy for his odd tenants.
974,Home Alone,"Comedy, Family",An eight-year-old troublemaker must protect his house from a pair of burglars when he is accidentally left home alone by his family during Christmas vacation.
975,The Godfather: Part III,"Crime, Drama","Follows Michael Corleone, now in his 60s, as he seeks to free his family from crime and find a suitable successor to his empire."
976,When Harry Met Sally...,"Comedy, Drama, Romance","Harry and Sally have known each other for years, and are very good friends, but they fear sex would ruin the friendship."
977,The Little Mermaid,"Animation, Family, Fantasy",A mermaid princess makes a Faustian bargain in an attempt to become human and win a prince's love.
978,The Naked Gun: From the Files of Police Squad!,"Comedy, Crime",Incompetent police Detective Frank Drebin must foil an attempt to assassinate Queen Elizabeth II.
979,"Planes, Trains & Automobiles","Comedy, Drama",A man must struggle to travel home for Thanksgiving with a lovable oaf of a shower curtain ring salesman as his only companion.
980,Lethal Weapon,"Action, Crime, Thriller",Two newly paired cops who are complete opposites must put aside their differences in order to catch a gang of drug smugglers.
981,Blood Simple,"Crime, Drama, Thriller","The owner of a seedy small-town Texas bar discovers that one of his employees is having an affair with his wife. A chaotic chain of misunderstandings, lies and mischief ensues after he devises a plot to have them murdered."
982,On Golden Pond,Drama,"Norman is a curmudgeon with an estranged relationship with his daughter Chelsea. At Golden Pond, he and his wife nevertheless agree to care for Billy, the son of Chelsea's new boyfriend, and a most unexpected relationship blooms."
983,Mad Max 2,"Action, Adventure, Sci-Fi","In the post-apocalyptic Australian wasteland, a cynical drifter agrees to help a small, gasoline-rich community escape a horde of bandits."
984,The Warriors,"Action, Crime, Thriller","In the near future, a charismatic leader summons the street gangs of New York City in a bid to take it over. When he is killed, The Warriors are falsely blamed and now must fight their way home while every other gang is hunting them down."
985,The Muppet Movie,"Adventure, Comedy, Family","Kermit and his newfound friends trek across America to find success in Hollywood, but a frog legs merchant is after Kermit."
986,Escape from Alcatraz,"Action, Biography, Crime","Alcatraz is the most secure prison of its time. It is believed that no one can ever escape from it, until three daring men make a possible successful attempt at escaping from one of the most infamous prisons in the world."
987,Watership Down,"Animation, Adventure, Drama","Hoping to escape destruction by human developers and save their community, a colony of rabbits, led by Hazel and Fiver, seek out a safe place to set up a new warren."
988,Midnight Express,"Biography, Crime, Drama","Billy Hayes, an American college student, is caught smuggling drugs out of Turkey and thrown into prison."
989,Close Encounters of the Third Kind,"Drama, Sci-Fi","Roy Neary, an electric lineman, watches how his quiet and ordinary daily life turns upside down after a close encounter with a UFO."
990,The Long Goodbye,"Comedy, Crime, Drama","Private investigator Philip Marlowe helps a friend out of a jam, but in doing so gets implicated in his wife's murder."
991,Giù la testa,"Drama, War, Western",A low-life bandit and an I.R.A. explosives expert rebel against the government and become heroes of the Mexican Revolution.
992,Kelly's Heroes,"Adventure, Comedy, War",A group of U.S. soldiers sneaks across enemy lines to get their hands on a secret stash of Nazi treasure.
993,The Jungle Book,"Animation, Adventure, Family",Bagheera the Panther and Baloo the Bear have a difficult time trying to convince a boy to leave the jungle for human civilization.
994,Blowup,"Drama, Mystery, Thriller",A fashion photographer unknowingly captures a death on film after following two lovers in a park.
995,A Hard Day's Night,"Comedy, Music, Musical","Over two ""typical"" days in the life of The Beatles, the boys struggle to keep themselves and Sir Paul McCartney's mischievous grandfather in check while preparing for a live television performance."
996,Breakfast at Tiffany's,"Comedy, Drama, Romance","A young New York socialite becomes interested in a young man who has moved into her apartment building, but her past threatens to get in the way."
997,Giant,"Drama, Western",Sprawling epic covering the life of a Texas cattle rancher and his family and associates.
998,From Here to Eternity,"Drama, Romance, War","In Hawaii in 1941, a private is cruelly punished for not boxing on his unit's team, while his captain's wife and second-in-command are falling in love."
999,Lifeboat,"Drama, War",Several survivors of a torpedoed merchant ship in World War II find themselves in the same lifeboat with one of the crew members of the U-boat that sank their ship.
1000,The 39 Steps,"Crime, Mystery, Thriller","A man in London tries to help a counter-espionage Agent. But when the Agent is killed, and the man stands accused, he must go on the run to save himself and stop a spy ring which is trying to steal top secret information."